"catalogID","Latitude","Longitude","Evaporation - annual mean","Evaporation - average","Humidity - annual mean relative 3pm","Aridity index - annual mean","Precipitation - annual","Precipitation - annual mean","WorldClim: Precipitation - annual","WorldClim: Precipitation - coldest quarter","WorldClim: Precipitation - driest month","WorldClim: Precipitation - driest quarter","WorldClim: Precipitation - seasonality","WorldClim: Precipitation - warmest quarter","WorldClim: Precipitation - wettest month","WorldClim: Precipitation - wettest quarter","Temperature - annual max mean","Temperature - annual min mean","WorldClim: Temperature - annual mean","WorldClim: Temperature - annual range","WorldClim: Temperature - coldest month min","WorldClim: Temperature - coldest quarter mean","WorldClim: Temperature - diurnal range mean","WorldClim: Temperature - driest quarter mean","WorldClim: Temperature - isothermality","WorldClim: Temperature - seasonality","WorldClim: Temperature - warmest month max","WorldClim: Temperature - warmest quarter mean","WorldClim: Temperature - wettest quarter mean","Lithology - mean age","Carbon - organic","Lithology - fertility","Nutrient status","Gross Primary Productivity","NDVI Mean","Fraction of Photosynthetically Active Radiation","NPP Mean"
7031,-31.24283403,136.7403888,261.27625,3985,51.997364,0.0663468,13.108334,13.108334,191,47,13,45,14,48,21,52,27.2925,13.440833,186,296,48,113,138,227,46,5609,344,257,121,2.9642596,0.09560392,3,1.95,0.0036,15,15,1
7035,-29.00203333,134.6857167,250.3725,3337,51.059017,0.050431572,11.515833,11.515833,170,34,9,30,30,59,21,59,29.0725,15.0675,205,304,59,130,145,144,47,5710,363,276,276,0.11193429,0.0022399228,2,2,0.0029,8,7,0
7039,-25.70963333,133.24855,255.15791,5575,48.447655,0.06568292,16.443333,16.443333,247,36,9,36,44,90,39,101,30.060833,14.844167,207,320,41,124,152,129,47,6194,361,281,271,1.5152113,0.13902232,2,1.15,0.0057,25,19,1
7041,-22.91015,132.6421,258.18292,6896,46.416817,0.07773407,21.595833,21.595833,292,37,8,31,49,122,43,123,32.195,16.340834,222,315,52,143,153,163,48,5763,367,288,280,1.5152113,0.21053469,2,1,0.0071,26,27,1
7043,-23.25241667,132.6403667,253.27542,6516,46.8209,0.08441113,22.48,22.48,289,40,9,34,44,114,40,115,31.3775,15.675,218,320,47,137,155,157,48,5902,367,287,278,3.230449,0.13878386,10,1,0.0081,24,24,1
7059,-17.87356667,127.8730167,265.3075,13561,46.716633,0.18877508,50.574165,50.574165,576,10,1,10,109,286,157,386,35.4625,20.625,268,263,121,208,139,208,52,4134,384,312,306,3.2844307,0.114340425,6,1.45,0.0096,30,25,1
7061,-17.67413333,125.2178,256.60165,14531,49.424603,0.2165337,55.156666,55.156666,653,16,0,10,119,312,195,469,36.5175,20.726667,272,261,123,217,143,233,54,3712,384,311,298,2.5845857,0.17894953,6,1.4,0.0073,33,35,1
7063,-17.50701667,123.7349,235.45334,14237,57.88536,0.23656797,54.460835,54.460835,557,13,0,4,130,245,180,433,36.356667,22.420834,278,222,145,230,125,266,56,3144,367,309,301,-0.33984628,0.11921348,2,1,0.0123,43,44,2
7067,-21.11651667,116.8285667,295.33334,7034,50.315613,0.077293,22.2575,22.2575,292,56,1,5,86,132,60,168,34.8575,21.348333,269,264,127,205,141,270,53,4548,391,320,319,3.4771214,0.10427145,11,1.5,0.005,21,15,0
7069,-22.57065,118.08065,269.37708,9836,43.34783,0.1160078,31.320833,31.320833,404,50,4,17,83,223,93,225,32.56167,18.175833,245,292,92,168,139,253,47,5548,384,308,303,3.423246,0.23495881,5,1.6,0.0039,26,27,0
7075,-28.05051667,120.5461667,250.71541,6597,51.647087,0.0914454,17.776667,17.776667,228,61,8,27,35,68,27,77,29.380001,15.644167,201,316,47,118,139,200,43,6279,363,280,274,3.5118833,0.08584509,5,1,0.0029,22,14,1
7077,-28.05314507,120.5453166,250.71541,6597,51.647087,0.0914454,17.776667,17.776667,228,61,8,27,35,68,27,77,29.380001,15.644167,201,316,47,118,139,200,43,6279,363,280,274,3.5118833,0.08584509,5,1,0.0029,22,14,1
7081,-30.4051,121.0622833,228.4375,6893,54.55679,0.1235756,20.384167,20.384167,268,85,14,45,29,64,37,94,27.291666,13.34,183,289,49,111,134,181,46,5473,338,252,121,3.5118833,0.3684365,11,1.15,0.0093,36,28,3
7083,-32.82003333,116.4136333,130.62791,16134,66.37025,0.83094597,59.199165,59.199165,764,407,10,46,77,46,156,407,23.630001,9.564167,151,262,44,97,130,212,49,4608,306,212,97,1.5152113,1.1553005,4,1,0.0218,63,47,5
7085,-32.58886667,116.4591,134.35208,15987,66.15148,0.7605148,55.84083,55.84083,744,394,11,48,75,48,149,394,23.866667,9.838333,152,266,43,96,130,215,48,4758,309,215,96,3.5118833,0.7337086,5,1,0.0241,64,58,6
7091,-31.86331667,126.9831,230.2075,6582,61.679188,0.10915113,20.130833,20.130833,294,94,14,53,28,56,38,105,24.268333,12.0425005,168,222,54,120,122,199,54,3583,276,211,129,1.4543111,0.21037294,4,1.1,0.0026,26,17,4
7093,-31.40915,130.9936833,214.73917,6239,64.82079,0.10911979,17.74,17.74,254,73,9,38,27,48,31,82,24.99,11.8575,177,249,55,125,140,222,56,3839,304,222,133,1.1395328,0.28039923,6,1.1,0.0047,28,16,5
7826,-35.14194473,150.7596025,146.9775,22686,79.28885,0.754886,100.5925,100.5925,1438,368,85,277,22,396,176,449,21.784166,14.355,167,163,82,124,75,129,46,3177,245,206,152,2.4393327,0.83752364,3,1,0.0272,52,43,20
7827,-35.12809248,150.7568768,148.26959,22686,79.201096,0.7274759,97.77334,97.77334,1438,368,85,277,22,396,176,449,22.113333,14.53,167,163,82,124,75,129,46,3177,245,206,152,0.11193429,-9553.321,5.4,1,0.0546,60,80,20
7829,-35.15368962,150.7536825,146.94458,22686,79.44654,0.7572474,100.925,100.925,1435,366,84,274,22,396,176,449,21.751667,14.348333,167,162,83,125,75,129,46,3194,245,206,152,0.11193429,1.1494408,6,1,0.0518,70,79,0
7831,-35.15304021,150.7352711,145.25708,22686,79.67216,0.7818928,103.055,103.055,1501,373,88,284,22,425,177,458,21.51,13.996667,161,164,76,118,77,123,46,3221,240,200,146,2.4393327,1.1570486,3,1,0.0721,67,90,13
7833,-35.13802306,150.7075604,147.13458,21493,78.67872,0.7298332,97.36917,97.36917,1444,366,85,274,22,402,177,444,22.068333,14.1875,166,165,80,123,78,128,47,3230,245,205,151,2.4393327,-10001.729,3,1,0.0703,72,88,20
7835,-35.19835466,150.6945319,146.10875,23867,78.991196,0.7531028,99.9275,99.9275,1450,365,85,274,22,405,176,446,21.758333,14.025,165,165,79,122,78,126,47,3207,244,204,149,2.4393327,0.7831825,3,1,0,41,30,0
7837,-35.16259382,150.7250605,144.52458,22686,79.252045,0.7937204,104.151665,104.151665,1481,371,87,281,22,415,177,455,21.3925,13.828333,162,165,76,119,77,123,46,3231,241,202,147,0.11193429,1.1454957,6,1,0,70,77,20
7839,-35.12804944,150.6583748,147.20084,22686,78.09345,0.70224714,93.86417,93.86417,1402,348,81,260,22,397,169,426,22.35,14.005,166,171,77,122,81,126,47,3318,248,207,150,1.2756335,-6049.7676,4.333333,1,0.0711,74,78,9
7841,-35.13925298,150.68313,146.56876,21493,78.603584,0.73119783,97.225,97.225,1428,358,83,268,22,402,173,435,22.043333,14.02,165,168,78,122,79,126,47,3268,246,205,149,2.4393327,1.3391217,3,1,0.0746,64,89,13
7843,-35.151228,150.6486994,147.24292,21493,77.899925,0.7023324,94.03,94.03,1374,339,79,253,23,390,165,417,22.311666,14.005,167,170,79,124,81,129,47,3249,249,207,152,0.11193429,1.329079,6,1,0.0719,71,89,13
7845,-35.15913962,150.6369569,147.08417,21493,77.805305,0.7001073,93.66917,93.66917,1362,335,78,250,23,388,163,413,22.324167,13.945833,168,171,78,124,82,128,47,3287,249,207,152,0.11193429,0.2546155,6,1,0.066,80,58,19
7847,-35.15730226,150.6135971,146.64,22686,77.55846,0.6979142,93.174164,93.174164,1350,327,77,245,23,388,159,410,22.324167,13.804167,167,172,77,123,83,128,48,3296,249,207,196,0.11193429,1.1494408,6,1,0,67,76,12
7849,-35.14128158,150.7379895,147.30083,22686,79.362144,0.7407066,98.94,98.94,1448,369,85,277,22,400,177,450,21.935,14.328333,166,164,81,124,76,128,46,3211,245,205,151,0.11193429,-10006.546,6,1,0.072,66,89,21
7851,-35.14969942,150.686346,146.3825,22686,78.54681,0.736209,97.8075,97.8075,1437,361,84,270,22,402,175,441,21.973333,13.995,165,168,78,122,79,126,47,3244,246,205,150,2.4393327,0.83752364,3,1,0.0746,52,88,0
7853,-35.16300421,150.6731254,146.74083,22686,78.730545,0.7293161,97.173386,97.173386,1417,356,82,265,22,397,173,435,22.03776,14.047812,167,168,79,123,79,128,47,3233,247,206,152,0.44441977,1.1406902,4.8,1,0.0713,75,89,19
7855,-35.13674651,150.6666743,146.43416,22686,78.05401,0.7238783,96.235,96.235,1419,355,82,265,22,400,172,432,22.105833,13.921667,166,168,78,122,80,127,47,3237,246,205,150,0.11193429,632.0743,6,1,0.0753,66,88,20
7857,-35.16181402,150.6326533,147.04716,21493,77.805305,0.6979136,93.364105,93.364105,1362,335,78,250,23,388,163,413,22.346725,13.923214,168,171,78,124,82,128,47,3287,249,207,152,0.11193429,1.3556026,6,1,0.066,78,58,19
7859,-35.17371886,150.5940691,146.885,24654,77.470634,0.687584,92.03667,92.03667,1335,321,76,241,23,386,156,408,22.423334,13.8175,168,175,76,123,83,128,47,3342,251,208,197,0.11193429,0.96969104,6,1,0,77,50,13
7861,-35.17363378,150.5943242,146.885,24654,77.470634,0.687584,92.03667,92.03667,1335,321,76,241,23,386,156,408,22.423334,13.8175,168,175,76,123,83,128,47,3342,251,208,197,0.11193429,0.96969104,6,1,0,77,50,13
7863,-35.17710152,150.5937279,146.885,24654,77.470634,0.687584,92.03667,92.03667,1346,325,76,243,23,388,158,410,22.423334,13.8175,167,172,77,123,83,128,48,3285,249,207,196,0.11193429,0.96969104,6,1,0,77,50,13
7882,-34.11782,118.76062,136.3725,10417,71.17775,0.3869912,34.00083,34.00083,435,148,18,62,36,62,55,151,22.454166,10.675834,156,219,60,111,118,201,53,3594,279,201,120,1.5152113,0.7385561,2,1,0.0161,33,35,3
7884,-34.1171975,118.7604917,136.3725,10417,71.17775,0.3869912,34.00083,34.00083,435,148,18,62,36,62,55,151,22.454166,10.675834,156,219,60,111,118,201,53,3594,279,201,120,1.5152113,0.7385561,2,1,0.0161,33,35,3
7886,-34.11718167,118.7615269,136.3725,10417,71.17775,0.3869912,34.00083,34.00083,435,148,18,62,36,62,55,151,22.454166,10.675834,156,219,60,111,118,201,53,3594,279,201,120,1.5152113,0.7385561,2,1,0.0161,33,35,3
7888,-35.431,148.80225,117.762085,22085,72.061935,1.0589399,84.45917,84.45917,1152,344,69,221,21,221,136,365,18.051666,6.0433335,94,267,-26,28,122,160,45,5139,241,160,61,2.6226802,4.028832,6,1.4,0.0699,83,90,15
7890,-32.24144139,118.7199589,175.445,8119,60.591763,0.26452163,25.990833,25.990833,341,137,14,49,44,55,55,142,25.71,10.921666,170,285,46,106,143,192,50,5133,331,236,116,1.5152113,0.5170429,2,1,0.0058,39,14,2
7892,-34.24008889,118.7205022,135.15,9995,71.875046,0.39267647,34.56333,34.56333,468,156,18,64,37,64,61,161,22.793333,11.170834,158,211,65,115,116,201,54,3437,276,202,117,0.11193429,0.6560307,4,1,0.0154,31,39,7
7894,-34.24156056,118.7210419,135.15,9995,71.875046,0.39267647,34.56333,34.56333,468,156,18,64,37,64,61,161,22.793333,11.170834,158,211,65,115,116,201,54,3437,276,202,117,0.11193429,0.6560307,4,1,0.0154,31,39,7
7896,-34.08631806,118.8528247,139.68791,10374,71.01208,0.36795267,33.538334,33.538334,445,152,19,64,36,64,56,155,22.7725,10.835,158,218,62,113,118,202,54,3598,280,203,122,3.5118833,0.7442907,5,1,0.014,41,36,4
7898,-34.08486778,118.8512286,139.68791,10374,71.01208,0.36795267,33.538334,33.538334,445,152,19,64,36,64,56,155,22.7725,10.835,158,218,62,113,118,202,54,3598,280,203,122,3.5118833,0.7442907,5,1,0.014,41,36,4
7900,-34.08451028,118.8501972,139.68791,10374,71.01208,0.36795267,33.538334,33.538334,445,152,19,64,36,64,56,155,22.7725,10.835,158,218,62,113,118,202,54,3598,280,203,122,3.5118833,0.7442907,5,1,0.0112,41,28,4
7902,-34.07607972,118.8708528,140.43333,10400,70.928566,0.36419207,33.443333,33.443333,446,152,19,64,36,64,56,156,22.841667,10.865,158,219,62,113,118,203,53,3611,281,204,122,1.6517625,0.74149966,4,1,0.0103,32,24,4
7904,-34.07723778,118.8686719,140.15208,10400,70.76785,0.36543584,33.45,33.45,446,152,19,64,36,64,56,156,22.803333,10.835834,158,219,62,113,118,203,53,3611,281,204,122,1.6517625,0.74141276,4,1,0.0111,50,27,4
7908,-34.0944175,118.8603189,139.77126,10400,71.05595,0.3681285,33.62417,33.62417,448,152,19,64,36,64,56,156,22.820833,10.888333,158,217,62,113,118,202,54,3556,279,203,122,1.6517625,0.7394907,6,1,0.0135,46,34,4
7910,-34.09390556,118.8600872,139.77126,10400,71.05595,0.3681285,33.62417,33.62417,448,152,19,64,36,64,56,156,22.820833,10.888333,158,217,62,113,118,202,54,3556,279,203,122,1.6517625,0.7394907,6,1,0.0135,46,34,4
7912,-34.09445056,118.8614839,139.77126,10400,71.05595,0.3681285,33.62417,33.62417,448,152,19,64,36,64,56,156,22.820833,10.888333,158,217,62,113,118,202,54,3556,279,203,122,1.6517625,0.7394907,6,1,0.012,46,28,4
7914,-34.30320667,118.7278044,134.19417,9925,72.263695,0.40882266,35.775,35.775,488,163,18,65,38,65,64,168,22.694166,11.225,157,208,65,115,115,200,55,3379,273,200,117,3.5118833,0.69175714,6,1,0.0154,40,39,6
7916,-34.30374389,118.7302858,133.97583,9925,72.26106,0.4114615,35.914165,35.914165,488,163,18,65,38,65,64,168,22.6725,11.208333,157,208,65,115,115,200,55,3379,273,200,117,3.5118833,0.68313104,6,1,0.013,40,29,6
7918,-34.303255,118.7312828,133.97583,9925,72.26106,0.4114615,35.914165,35.914165,488,163,18,65,38,65,64,168,22.6725,11.208333,157,208,65,115,115,200,55,3379,273,200,117,3.5118833,0.68313104,6,1,0.013,40,29,6
8076,-30.18156667,115.2115667,184.12958,14141,64.91688,0.46620312,45.56333,45.56333,580,325,5,33,82,36,128,325,26.413334,13.578333,186,239,82,137,125,219,52,4085,321,241,137,2.2369149,0.53887653,5,1,0.0117,57,48,8
8078,-30.17106667,115.2134333,183.80292,14141,64.69437,0.4685053,45.684166,45.684166,583,326,5,33,83,37,129,326,26.388334,13.535833,185,239,82,136,125,219,52,4100,321,241,136,2.2369149,0.5378462,5,1,0.0117,62,48,8
8084,-30.11188333,115.2585167,186.56209,13474,63.34603,0.44320548,44.2075,44.2075,567,317,6,33,82,36,126,317,26.799166,13.598333,189,246,83,138,128,224,52,4274,329,247,138,2.2369149,0.47925013,5,1,0.0075,57,35,4
8088,-30.04105,115.02035,186.01001,13196,65.55907,0.43845344,44.552498,44.552498,542,308,4,27,85,31,122,308,26.975834,14.508333,195,233,93,148,124,244,53,3927,326,248,148,-2.2403321,3.3011231,6,0.9,0.0135,48,38,7
8090,-30.0489,115.0423,185.18124,13859,65.281075,0.44655442,44.955,44.955,543,309,4,27,85,31,122,309,26.865,14.335,194,234,93,147,124,243,52,3935,327,248,147,-0.33984628,0.3449084,6,0.9,0.012,57,39,6
8108,-33.85677778,119.1615556,139.73625,10153,70.00808,0.36895597,33.4675,33.4675,422,147,17,66,33,66,53,147,22.624166,10.3025,155,229,55,108,122,204,53,3814,284,204,117,1.5152113,0.7447792,2,1,0.007,39,17,3
8114,-34.08769444,119.4063333,140.37584,10966,71.251,0.4248297,39.019165,39.019165,517,187,19,70,37,70,65,187,23.158333,11.406667,164,213,69,121,118,207,55,3450,282,207,121,1.6517625,0.54204255,4,1.3,0.0184,57,37,8
8116,-34.16769444,119.5756944,143.51584,11095,71.67046,0.43902248,41.806667,41.806667,556,207,19,70,40,74,71,207,23.3125,11.860833,167,207,74,125,115,209,55,3326,281,209,125,1.6517625,-0.9462646,4,1.3,0.0247,58,41,5
8118,-34.33977778,119.3947222,138.63208,14005,72.94013,0.5393417,47.986668,47.986668,619,239,20,74,44,78,82,239,22.800833,11.695833,163,202,72,123,114,203,56,3184,274,203,123,1.5152113,-20.464191,2,1,0.0252,56,36,11
8120,-34.21647222,119.304,137.935,12666,72.176544,0.4791428,42.450832,42.450832,558,205,20,72,40,75,72,205,22.895834,11.420834,162,208,69,120,116,204,55,3337,277,204,120,1.5152113,0.7668258,2,1,0.0143,50,27,9
8122,-34.19216667,119.4254444,137.5825,12081,72.19007,0.48687416,43.264168,43.264168,558,208,19,71,40,75,72,208,22.7075,11.333334,162,208,69,120,116,204,55,3346,277,204,120,3.3117537,0.8081031,2,1.3,0.0253,58,46,8
8124,-34.38108333,119.3412778,139.63583,13941,73.13491,0.55020934,49.2825,49.2825,636,246,21,75,44,79,85,246,22.7575,11.744166,162,200,72,123,113,202,56,3160,272,202,123,1.5152113,0.89755356,2,1,0.0136,56,27,11
8126,-33.80952778,119.4345278,144.73708,10185,69.84802,0.3367881,33.02,33.02,431,146,18,70,30,70,51,146,23.005833,10.733334,160,226,60,113,122,206,53,3688,286,206,113,3.5118833,0.71016145,5,1,0.0174,41,33,6
8128,-33.72838889,119.7221389,147.4075,10296,69.81866,0.3142122,32.785835,32.785835,431,144,18,72,29,72,50,144,22.998333,10.8675,159,225,60,112,122,205,54,3658,285,205,112,1.5152113,0.6201931,2,1,0.0115,43,26,4
8130,-33.68836111,119.7616944,149.15417,10127,69.503,0.2987057,31.875834,31.875834,423,141,17,70,29,70,50,141,23.201668,10.975,160,226,61,114,123,206,54,3666,287,206,114,0.11193429,0.6622102,4,1.1,0.0082,35,17,3
8132,-33.93133333,119.9996667,148.99883,10810,70.78344,0.35171908,37.175835,37.175835,505,180,18,68,39,71,65,186,23.411823,11.912708,168,211,74,126,117,211,55,3402,285,211,134,2.5117989,0.84602463,4,1.3,0.0034,60,6,8
8134,-33.87711111,119.9183889,149.3925,10893,70.6075,0.33193198,35.304165,35.304165,485,168,18,69,36,73,59,172,23.41,11.715,166,215,71,122,119,209,55,3441,286,209,131,1.5152113,0.5989993,2,1.3,0.0147,54,44,8
8138,-30.20071001,149.597527,170.78542,14236,60.849037,0.31753522,46.963333,46.963333,644,116,34,115,34,235,100,235,28.230833,13.105833,190,301,39,114,145,126,48,5697,340,260,260,0.11193429,0.88042647,6,2,0.0268,46,71,5
8140,-30.20055997,149.597556,170.78542,14236,60.849037,0.31753522,46.963333,46.963333,644,116,34,115,34,235,100,235,28.230833,13.105833,190,301,39,114,145,126,48,5697,340,260,260,0.11193429,0.88042647,6,2,0.0268,46,71,5
8142,-35.8748166,149.01165,115.88292,17144,72.59152,0.5842202,51.603333,51.603333,805,186,54,170,13,192,86,232,16.849167,4.4733334,96,271,-30,32,129,40,47,4930,241,158,92,2.668549,4.0002894,4,1.85,0.0336,55,54,13
8144,-35.881,149.0076,117.91209,17144,72.00162,0.55037946,50.003334,50.003334,851,206,60,188,12,196,90,247,17.299168,4.56,92,267,-31,29,126,37,47,4918,236,155,61,2.668549,3.975982,4,1.85,0.0329,55,46,13
8146,-35.8811,149.0083,117.91209,17144,72.00162,0.55037946,50.003334,50.003334,851,206,60,188,12,196,90,247,17.299168,4.56,92,267,-31,29,126,37,47,4918,236,155,61,2.668549,3.975982,4,1.85,0.0329,55,46,13
8148,-35.8766833,149.0097,116.6125,17144,72.34509,0.5729568,51.079998,51.079998,862,210,62,192,12,198,91,250,17.03,4.516667,92,266,-31,28,125,36,46,4913,235,154,61,2.668549,3.9499772,4,1.85,0.0329,55,46,13
8150,-35.8769333,149.01025,115.88292,17144,72.59152,0.5842202,51.603333,51.603333,862,210,62,192,12,198,91,250,16.849167,4.4733334,92,266,-31,28,125,36,46,4913,235,154,61,2.668549,4.0002894,4,1.85,0.0329,55,46,13
8152,-35.8748666,149.01088,115.88292,17144,72.59152,0.5842202,51.603333,51.603333,805,186,54,170,13,192,86,232,16.849167,4.4733334,96,271,-30,32,129,40,47,4930,241,158,92,2.668549,4.0002894,4,1.85,0.0336,55,54,13
8154,-25.351,131.0423,271.605,6811,47.37965,0.076156445,20.171667,20.171667,321,42,9,40,45,110,45,135,31.113333,14.39,210,336,33,126,161,144,47,6172,369,283,276,1.5152113,0.13439515,2,1,0.0061,13,17,2
8155,-25.351,131.0423,271.605,6811,47.37965,0.076156445,20.171667,20.171667,321,42,9,40,45,110,45,135,31.113333,14.39,210,336,33,126,161,144,47,6172,369,283,276,1.5152113,0.13439515,2,1,0.0061,13,17,2
8158,-25.3504,131.0516,273.47833,6811,47.239323,0.073399626,19.676666,19.676666,321,42,9,40,45,110,45,135,31.386667,14.549167,210,336,33,126,161,144,47,6165,369,283,276,1.5152113,0.13612767,2,1,0.0064,13,18,2
8159,-25.3504,131.0516,273.47833,6811,47.239323,0.073399626,19.676666,19.676666,321,42,9,40,45,110,45,135,31.386667,14.549167,210,336,33,126,161,144,47,6165,369,283,276,1.5152113,0.13612767,2,1,0.0064,13,18,2
8160,-25.351,131.041,271.605,6811,47.37965,0.076156445,20.171667,20.171667,321,42,9,40,45,110,45,135,31.113333,14.39,210,336,33,126,161,144,47,6169,369,283,276,1.5152113,0.13439515,2,1,0.0061,11,17,1
8161,-25.351,131.041,271.605,6811,47.37965,0.076156445,20.171667,20.171667,321,42,9,40,45,110,45,135,31.113333,14.39,210,336,33,126,161,144,47,6169,369,283,276,1.5152113,0.13439515,2,1,0.0061,11,17,1
8162,-25.3523,131.0343,272.76334,6811,47.278465,0.0749201,19.974167,19.974167,321,42,9,40,45,110,45,135,31.240833,14.456667,210,336,33,126,161,144,47,6169,369,283,276,2.7119336,0.13323736,2,1,0.0045,11,15,1
8164,-25.3457,131.0213,271.2604,6856,47.35434,0.077098794,20.370834,20.370834,321,42,9,40,45,110,45,135,31.049166,14.366667,210,337,33,127,161,145,47,6157,370,284,276,2.7119336,0.12806657,2,1,0.0048,27,16,2
8262,-35.11641,141.97633,145.74625,7723,61.48463,0.24192666,22.330833,22.330833,350,101,22,68,19,68,38,108,24.784166,10.745,162,281,38,99,141,225,50,4906,319,225,130,-1.4173685,0.7627801,2,1.2,0.0047,32,15,2
8263,-35.11641,141.97633,145.74625,7723,61.48463,0.24192666,22.330833,22.330833,350,101,22,68,19,68,38,108,24.784166,10.745,162,281,38,99,141,225,50,4906,319,225,130,-1.4173685,0.7627801,2,1.2,0.0047,32,15,2
8268,-35.12282,141.99678,144.58333,7779,61.517174,0.24920927,22.703333,22.703333,357,103,22,68,20,68,39,111,24.66,10.685,161,282,37,98,141,224,50,4916,319,224,129,-1.4173685,0.7718299,2,1.2,0.0083,35,25,3
8269,-35.12282,141.99678,144.58333,7779,61.517174,0.24920927,22.703333,22.703333,357,103,22,68,20,68,39,111,24.66,10.685,161,282,37,98,141,224,50,4916,319,224,129,-1.4173685,0.7718299,2,1.2,0.0083,35,25,3
8270,-36.67146,142.28934,130.51958,10077,66.36371,0.41177446,29.710835,29.710835,497,162,26,81,29,81,59,162,22.664167,8.8,144,261,33,87,131,202,50,4510,294,202,87,0.25221446,1.5288383,6,1.65,0.0053,38,12,3
8271,-36.67146,142.28934,130.51958,10077,66.36371,0.41177446,29.710835,29.710835,497,162,26,81,29,81,59,162,22.664167,8.8,144,261,33,87,131,202,50,4510,294,202,87,0.25221446,1.5288383,6,1.65,0.0053,38,12,3
8455,-25.3119,131.085,273.37457,6983,47.198517,0.07286071,19.5725,19.5725,323,42,9,40,46,111,46,137,31.519167,14.675,210,337,33,126,162,145,48,6173,370,284,276,-0.18717353,0.12892056,2,1,0.0043,24,17,1
8457,-25.3118,131.084,273.37457,6983,47.198517,0.07286071,19.5725,19.5725,323,42,9,40,46,111,46,137,31.519167,14.675,210,337,33,126,162,145,48,6173,370,284,276,-0.18717353,0.12892056,2,1,0.0051,24,17,1
8459,-25.2875,130.92864,276.02917,6642,47.013058,0.07352468,19.961666,19.961666,318,42,9,39,45,109,45,134,31.565834,14.799167,211,335,34,128,161,146,48,6121,369,284,276,-0.18717353,0.18301074,2,1,0.0038,24,19,1
8461,-25.2713,130.756,276.04623,7714,46.90382,0.07612337,20.626667,20.626667,320,43,10,40,43,111,45,133,31.221666,14.810834,209,334,34,125,159,144,47,6171,368,283,275,2.7119336,0.1287609,2,1,0.0033,26,14,1
8487,-12.64892022,132.3738334,215.91083,29790,61.89097,0.6047757,110.26667,110.26667,1427,7,2,7,107,391,328,931,34.853333,23.005,277,194,172,248,118,248,60,1888,366,298,284,3.2844307,0.26363713,3,1,0.0233,63,64,4
8489,-12.62067646,132.6333546,225.24083,26630,61.29932,0.58974355,111.28166,111.28166,1449,5,1,5,109,390,334,962,35.02,23.2125,279,193,176,250,117,250,60,1878,369,300,286,1.5152113,0.23041165,2,1,0.0047,49,47,5
8491,-12.62078807,132.6337124,225.24083,26630,61.29932,0.58974355,111.28166,111.28166,1449,5,1,5,109,390,334,962,35.02,23.2125,279,193,176,250,117,250,60,1878,369,300,286,1.5152113,0.23041165,2,1,0.0047,54,47,6
8493,-12.92929,132.59483,224.04584,26278,59.8071,0.5669599,106.92667,106.92667,1415,6,2,6,107,396,319,925,35.316666,22.956667,278,205,168,247,123,247,60,2052,373,301,287,3.3710678,0.21464553,4,1,0.0199,51,47,4
8495,-12.90283,132.63072,223.90791,26290,59.958244,0.5705262,107.435,107.435,1426,6,2,6,108,397,322,935,35.19583,22.91,278,203,169,247,122,247,60,2037,372,301,286,3.3710678,0.21633887,4,1,0.0142,54,59,5
8497,-13.55388091,132.2710697,209.52791,20425,57.24295,0.5534976,101.379166,101.379166,1348,8,2,8,103,412,294,840,34.230835,21.6925,266,225,143,229,132,229,58,2507,368,294,279,3.230449,0.22840977,2,1,0.0112,55,45,4
8507,-13.5164665,132.4582378,220.12418,21740,56.97462,0.52240866,99.525,99.525,1334,6,1,6,105,402,293,844,35.27833,22.37,275,224,153,238,132,238,58,2459,377,303,286,3.2844307,0.19841708,2,1,0.0018,50,42,5
8509,-13.52161823,132.4531142,217.39375,21740,56.855106,0.53305596,100.4125,100.4125,1330,6,1,6,106,401,292,841,34.93,22.136667,275,224,153,238,132,238,58,2461,377,303,287,3.230449,0.19803204,3,1,0.0078,50,45,5
8511,-13.51830376,132.4452461,218.67209,20440,56.954155,0.5282567,100.04,100.04,1359,7,1,7,104,413,297,854,35.12417,22.27,271,225,148,234,132,234,58,2495,373,299,283,3.2844307,0.20996726,4,1,0.0041,56,44,6
8513,-13.2964418,132.3364769,217.08208,21066,58.144066,0.54934555,102.769165,102.769165,1353,6,2,6,105,399,299,860,35.298332,22.523335,277,218,158,243,128,243,58,2252,376,302,286,3.2844307,0.23458979,6,1.05,0.0115,62,50,5
8515,-12.82329,132.79813,227.6875,24797,60.03298,0.5671659,108.4425,108.4425,1442,5,1,5,108,394,328,957,35.168335,23.031666,278,199,173,249,120,249,60,1939,372,300,286,3.2844307,0.32007733,6,1,0.0015,59,48,6
8517,-12.8649,132.78996,228.6175,25409,59.831894,0.5597512,107.488335,107.488335,1430,4,1,4,108,392,325,948,35.251667,23.026667,279,201,172,248,121,248,60,2012,373,301,287,3.2844307,0.30517665,6,1.05,0.0012,53,46,5
8519,-12.86537,132.81905,226.12709,25409,59.98393,0.56874746,108.14,108.14,1432,4,1,4,108,392,325,950,34.825,22.748333,278,201,171,248,121,248,60,2001,372,301,286,3.230449,0.1851888,3,1,0.0038,58,45,6
8521,-12.67631,132.81381,226.34792,26827,60.636703,0.58736324,111.5325,111.5325,1470,5,1,5,109,396,337,980,35.110832,23.213333,278,194,176,249,118,249,60,1867,370,299,285,1.5152113,0.21731564,2,1,0.017,53,46,5
8523,-12.70607,132.84315,226.56458,25842,60.584953,0.5829055,110.86083,110.86083,1462,5,1,5,110,393,336,977,35.136665,23.190834,279,195,176,250,119,250,61,1898,371,300,286,1.5152113,0.20804407,2,1,0.0101,51,56,4
8525,-12.43047409,132.9485214,223.6875,23445,61.579178,0.6018241,113.1725,113.1725,1467,7,1,7,109,373,345,986,34.8725,23.390833,279,186,181,252,114,252,61,1718,367,298,285,3.230449,0.2517896,3,1.05,0.0031,62,41,3
8527,-12.43375017,132.9419575,223.6875,25055,61.579178,0.6018241,113.1725,113.1725,1464,7,1,7,109,374,344,984,34.8725,23.390833,279,186,181,252,115,252,61,1750,367,299,285,3.230449,0.2517896,3,1.05,0.0011,62,45,5
8529,-12.67332,132.48192,221.68292,28993,61.43431,0.590699,110.06416,110.06416,1431,6,1,6,107,391,329,939,35.055,23.12,279,195,174,249,118,249,60,1909,369,300,286,0.11193429,0.24767423,2,1,0.0129,66,60,4
8531,-12.67858864,132.4792078,221.34084,28993,61.438057,0.59118116,110.02334,110.02334,1429,6,1,6,107,391,328,938,35.054165,23.118334,279,195,174,250,118,250,60,1886,369,300,286,0.11193429,0.24738292,2,1,0.0129,66,60,4
9430,-35.60156666,148.9508666,110.51458,19417,77.40786,0.9799213,75.73,75.73,1150,330,72,231,18,231,130,358,15.679167,4.7625003,83,258,-34,18,116,147,44,5008,224,147,50,2.6226802,4.4709735,4,1.85,0.0328,67,43,13
9432,-35.51991666,148.7724333,105.16625,21843,80.32584,1.5292733,100.3525,100.3525,1481,469,76,266,24,266,180,486,13.930833,4.3591666,67,244,-41,3,102,131,41,5018,203,131,10,2.668549,5.224066,4,1.4,0.0413,64,51,13
9434,-35.6055,148.9320833,122.31,20549,71.23594,0.74221444,67.11916,67.11916,890,224,53,198,15,198,94,265,18.571667,5.6525,106,278,-22,40,132,171,47,5107,256,171,74,2.6226802,5.13487,4,1.85,0.0356,56,39,13
9436,-35.6072777,148.9296944,120.93792,20549,71.62725,0.7799643,69.0075,69.0075,890,224,53,198,15,198,94,265,18.1325,5.555,106,278,-22,40,132,171,47,5107,256,171,74,2.6226802,5.0576954,4,1.85,0.0419,56,55,13
9438,-35.44535,148.7850833,114.70333,22109,74.95706,1.124578,86.0075,86.0075,1162,348,69,221,21,221,137,368,17.094166,5.6583333,93,268,-27,28,121,159,45,5142,241,159,60,2.6226802,5.2100434,6,1.3,0.0653,74,82,15
9440,-35.4502,148.7826,114.24042,22109,75.029625,1.1292354,85.935,85.935,1230,376,70,230,22,230,147,393,16.8875,5.565,87,262,-30,22,117,153,44,5122,232,153,30,2.668549,5.680594,4,1.4,0.0653,74,82,15
9442,-35.4463,148.78455,114.70333,22109,74.95706,1.124578,86.0075,86.0075,1162,348,69,221,21,221,137,368,17.094166,5.6583333,93,268,-27,28,121,159,45,5142,241,159,60,2.6226802,5.2100434,6,1.3,0.0653,74,82,15
9444,-35.3365,148.8305,117.11667,22226,71.51719,1.0429093,82.4675,82.4675,1107,327,65,213,20,213,128,346,18.663334,6.5558333,102,275,-22,36,126,169,45,5202,253,169,45,2.668549,3.1378765,4,1,0.0617,60,88,12
9446,-35.3556,148.80014,112.14708,22198,73.82835,1.182291,87.21167,87.21167,1187,360,69,224,22,224,141,378,17.066668,5.761667,93,267,-26,27,121,160,45,5189,241,160,35,2.668549,3.4431086,4,1.3,0.0587,66,87,13
9448,-35.3952,148.8234,114.46,21435,74.5024,1.1114285,85.245,85.245,1157,346,69,221,21,221,136,365,17.5375,5.896667,94,267,-26,28,122,160,45,5157,241,160,61,2.668549,3.5365853,4,1,0.0107,76,87,14
9450,-35.3941,148.8271,114.46,21435,74.5024,1.1114285,85.245,85.245,1108,325,65,215,20,215,128,347,17.5375,5.896667,100,273,-24,33,125,167,45,5205,249,167,66,2.668549,3.5365853,4,1,0.0698,76,83,14
9452,-35.3929,148.81485,111.66583,21435,76.790764,1.1741136,86.55417,86.55417,1169,351,69,222,21,222,138,371,16.746666,5.575,93,268,-27,27,121,160,45,5175,241,160,59,2.633317,3.5165942,4,1,0.0308,76,46,14
9454,-35.5655,148.7831,103.14375,21388,81.80887,1.7111917,107.87666,107.87666,1462,462,76,263,24,263,178,479,12.960834,3.9025,68,244,-40,4,103,132,42,5024,204,132,11,2.6226802,5.339622,4,1.4,0.0652,63,68,14
9456,-35.5252,148.7763,101.28291,21843,82.03139,1.8085368,110.34,110.34,1454,459,76,262,24,262,177,476,12.873333,3.9008334,69,245,-40,4,103,133,42,5019,205,133,11,2.668549,5.235164,4,1.4,0.0413,57,51,14
9458,-35.3912,148.81105,111.66583,21435,76.790764,1.1741136,86.55417,86.55417,1262,388,71,236,22,236,151,404,16.746666,5.575,85,259,-31,19,115,150,44,5116,228,150,27,2.633317,3.5165942,4,1,0.0308,76,46,14
9460,-35.371917,148.84465,116.31708,21435,72.95431,1.0603352,83.495,83.495,1098,321,64,213,19,213,126,343,18.258333,6.246667,101,273,-23,34,126,167,46,5191,250,167,67,2.668549,3.223619,4,1,0.0665,74,88,13
9462,-35.43457,148.7989,114.05666,21754,75.275185,1.1314029,85.97583,85.97583,1142,340,68,219,21,219,134,361,17.030834,5.6441665,96,270,-26,29,123,163,45,5208,244,163,62,2.6226802,4.833793,6,1.4,0.0699,76,90,15
9464,-35.58598333,148.9125,123.405,21427,71.038086,0.7659179,69.339165,69.339165,916,236,54,200,16,200,97,276,18.750834,5.8,105,279,-23,39,131,172,46,5160,256,172,73,2.6226802,5.2925944,4,1.85,0.0383,70,50,14
9466,-35.59065,148.9085,121.957085,21427,71.75534,0.7979545,70.74917,70.74917,916,236,54,200,16,200,97,276,18.266666,5.628333,105,279,-23,39,131,172,46,5160,256,172,73,2.6226802,5.1976013,4,1.85,0.041,64,49,14
9468,-35.42378333,148.7832167,109.71667,21754,78.35411,1.2467799,88.824165,88.824165,1165,351,69,221,21,221,138,370,15.901667,5.2183332,95,269,-26,28,122,162,45,5213,243,162,37,2.6226802,5.234875,4,1.3,0.0685,75,88,15
9484,-35.60827,138.2613,119.674164,16757,78.06636,0.84527165,61.6025,61.6025,791,340,23,79,53,80,124,340,18.685,10.880834,141,161,70,102,77,179,47,3095,231,181,102,1.5152113,1.3416768,3,1.1,0.0517,68,67,20
9486,-35.27211,138.6902,128.79292,16726,73.45686,0.7927744,60.789165,60.789165,882,359,27,91,49,91,130,359,20.0525,9.9475,140,201,55,95,101,186,50,3551,256,186,95,3.2240148,1.3495071,6,1.1,0.0255,72,48,10
9488,-32.82851,138.0327,172.58458,7159,61.386158,0.25076464,30.428333,30.428333,413,139,19,57,35,59,49,142,24.7625,12.029166,173,260,52,109,127,231,48,4854,312,233,118,2.9642596,1.0411196,2,1.55,0.0138,39,34,10
9490,-32.30339,137.9574,192.64792,11224,59.81884,0.20986463,29.591667,29.591667,388,132,19,59,33,59,48,139,24.1975,11.053333,163,280,34,94,134,230,47,5320,314,230,103,2.9193397,0.8971607,6,1.3,0.0079,33,26,3
9492,-32.74842,138.1363,161.8475,12684,62.33763,0.36838764,39.67917,39.67917,599,224,25,76,41,78,79,224,22.62,9.804167,143,274,21,77,133,206,48,5159,295,209,77,2.9193397,0.8890499,2,1.4,0.0153,66,52,5
9494,-33.9142,138.6038,141.30333,13679,65.517456,0.59823895,47.726665,47.726665,715,281,24,76,48,77,102,281,21.5,8.921667,140,262,28,80,131,199,50,4702,290,200,80,2.9193397,1.4316574,2,1,0.016,69,40,4
9496,-34.60901,138.8613,150.31625,13618,65.60857,0.44251832,39.661667,39.661667,579,227,17,59,47,61,80,227,22.878334,10.599167,152,239,49,97,119,206,49,4308,288,207,97,1.5152113,1.129582,3,1,0.0128,58,39,4
9498,-34.57692,139.0061,132.88918,16239,68.508484,0.6849794,50.345,50.345,765,307,26,83,48,85,112,307,20.009167,9.031667,131,242,30,77,121,187,50,4353,272,187,77,2.7119336,1.3921055,4,1.15,0.021,62,49,5
9500,-34.6831,138.9086,144.17833,13253,67.54478,0.6002394,49.876667,49.876667,712,293,21,69,51,69,106,293,21.4625,9.876667,142,240,40,88,120,196,50,4263,280,196,88,2.9193397,1.1207322,2,1.15,0.0196,63,44,5
9502,-34.88076,138.7083,146.77917,17660,70.41414,0.54322565,48.07,48.07,684,271,21,70,47,70,99,273,22.111668,11.459167,154,225,58,102,110,206,48,4081,283,206,110,2.8692317,1.6212444,6,1.05,0.0146,79,41,15
9504,-34.93343,138.727,133.23416,15032,74.22576,0.9361207,71.09167,71.09167,1064,437,32,107,50,107,167,437,19.555834,9.793333,133,224,40,82,111,183,49,3982,264,183,82,2.8692317,1.3990324,6,1.05,0.0453,79,88,15
9506,-32.32096,137.9544,183.24167,11224,60.995728,0.27623996,35.815834,35.815834,464,165,22,68,36,68,59,170,22.676666,9.854166,152,281,23,83,135,216,48,5337,304,219,92,2.9193397,0.89360714,6,1.3,0.0118,50,33,3
9508,-30.77565,138.7976,191.18959,7798,57.602386,0.19943671,27.2975,27.2975,377,110,24,78,18,93,41,115,22.440834,9.935,153,310,6,74,143,188,46,6084,316,229,82,2.9273703,0.7409781,3,1.15,0.0103,40,37,3
9510,-31.32774,138.5673,196.29,7347,57.670326,0.16687742,23.583332,23.583332,295,91,18,57,24,66,36,101,24.995,11.366667,179,305,33,103,144,212,47,5857,338,252,111,2.9273703,0.5551513,3,1.3,0.01,35,28,3
9512,-31.54388,138.5946,196.94458,10013,58.7771,0.19770707,27.8075,27.8075,441,156,20,74,36,83,57,169,23.68,10.14,157,304,15,82,144,201,47,5835,319,231,90,2.9273703,0.9457591,3,1.3,0.0134,51,33,5
9514,-33.97432,140.7258,153.59209,6364,59.42048,0.17189583,18.12,18.12,259,71,16,52,17,53,27,76,25.745834,11.509167,172,283,44,107,141,232,49,5000,327,235,141,0.11193429,0.44410422,6,1.2,0.0079,29,29,4
9522,-33.97274,140.7273,153.59209,6364,59.42048,0.17189583,18.12,18.12,259,71,16,52,17,53,27,76,25.745834,11.509167,172,283,44,107,141,232,49,5000,327,235,141,0.11193429,0.44410422,6,1.2,0.0079,31,29,4
9524,-34.01891,140.7095,153.69292,6390,59.455406,0.1707274,17.963333,17.963333,252,69,15,51,17,52,27,75,25.784166,11.51,173,282,46,109,141,233,50,4992,328,237,142,-1.1502736,0.46731696,2,1.2,0.0084,27,29,3
9526,-34.04459,140.7615,154.26083,6141,59.45723,0.16896158,17.860834,17.860834,254,70,15,51,17,52,27,76,25.813334,11.635,173,281,47,109,141,233,50,4980,328,237,142,0.11193429,0.6183269,6,1.85,0.008,30,29,4
9528,-34.04319,140.7596,154.2275,6141,59.56403,0.16883783,17.838333,17.838333,254,70,15,51,17,52,27,76,25.8225,11.6241665,173,281,47,109,141,233,50,4980,328,237,142,0.11193429,0.6148812,6,1.85,0.0105,30,38,4
9530,-33.9569,140.7186,152.83167,6364,59.542732,0.17681427,18.481667,18.481667,260,71,16,53,16,54,27,76,25.618334,11.403334,171,282,45,107,141,232,50,4987,327,235,140,-1.1502736,0.43428808,2,1.2,0.0105,33,37,4
9567,-41.532403,145.895516,81.99958,16097,87.64206,2.8888752,162.41,162.41,2108,724,88,303,31,303,262,724,12.481667,4.2725,74,172,3,36,83,113,48,3013,175,113,36,0.11193429,8.05424,10,0.85,0.0574,69,87,13
9569,-41.533383,145.895516,81.99958,16097,87.64206,2.8888752,162.41,162.41,2113,725,89,304,31,304,262,725,12.481667,4.2725,74,172,3,36,83,113,48,3013,175,113,36,0.11193429,8.05424,10,0.85,0.0574,69,87,13
9571,-41.555433,145.881418,81.94458,15486,87.99329,2.9289804,165.13834,165.13834,2115,723,89,305,31,305,261,723,12.475,4.246667,75,173,4,37,83,115,47,3053,177,115,37,0.11193429,7.2195225,3,0.85,0.0543,71,83,13
9573,-42.041572,146.299029,77.45959,15453,85.748085,2.0260723,109.465004,109.465004,1552,477,68,250,24,250,173,498,11.830833,2.8558333,61,180,-13,20,86,101,47,3172,167,101,24,0.11193429,4.4013853,3,0.9,0.0278,67,38,7
9576,-42.0436,146.3034,78.2225,15453,85.39024,1.9556464,106.95334,106.95334,1534,470,68,248,24,248,171,492,11.965834,2.9008334,61,180,-13,20,86,101,47,3177,167,101,24,0.11193429,4.0450153,3,0.9,0.0278,67,38,7
9586,-41.183047,148.029095,81.06834,18129,84.19814,2.1752474,111.73333,111.73333,1361,449,65,228,26,228,163,449,13.975,6.1241665,90,177,11,50,87,129,49,3076,188,129,50,2.5926208,4.874375,4,1.85,0.0655,86,91,16
9588,-41.183515,148.032013,83.871666,18129,82.75536,1.9449545,106.089165,106.089165,1371,452,65,230,26,230,164,452,14.7508335,6.5958333,89,177,10,49,87,128,49,3090,187,128,49,2.5926208,5.027899,4,1.85,0.0655,86,91,16
10714,-34.0597,140.6958,153.6825,6330,59.569416,0.1711024,17.925833,17.925833,254,70,15,51,17,52,27,76,25.779167,11.498333,173,280,47,110,141,232,50,4915,327,236,142,-1.1502736,0.43524462,2,1.4,0.0073,32,24,3
10716,-34.05624,140.7354,154.105,6154,59.57555,0.16919672,17.826666,17.826666,254,70,15,51,17,52,27,76,25.821667,11.595,173,281,47,109,141,233,50,4964,328,237,142,0.11193429,0.5664774,6,1.85,0.0105,28,36,3
10718,-34.03715,140.7064,153.865,6390,59.5728,0.16980304,17.870834,17.870834,254,70,15,51,17,52,27,76,25.81,11.53,173,281,47,109,141,233,50,4971,328,237,142,-1.1502736,0.46817768,2,1.4,0.0089,28,31,2
10720,-33.9556,140.719,152.83167,6364,59.542732,0.17681427,18.481667,18.481667,260,71,16,53,16,54,27,76,25.618334,11.403334,171,282,45,107,141,232,50,4987,327,235,140,-1.1502736,0.43428808,2,1.2,0.0105,33,37,4
12424,-42.1074,148.3395,90.26583,14282,79.23038,0.7109051,50.808334,50.808334,713,189,48,152,15,152,79,196,18.659166,9.71,130,168,47,94,92,163,54,2680,215,163,139,2.5708346,2.1985028,4.333333,1.1,0.0256,67,45,4
12426,-42.106246,148.340808,87.28291,14282,79.57383,0.803581,54.741188,54.741188,713,189,48,152,15,152,79,196,17.970476,9.119881,130,168,47,94,92,163,54,2680,215,163,139,2.5708346,2.2180383,4.571429,1.1,0.0256,67,45,4
12428,-42.105769,148.336683,90.26583,14282,79.23038,0.7109051,50.808334,50.808334,713,189,48,152,15,152,79,196,18.659166,9.71,130,168,47,94,92,163,54,2680,215,163,139,2.5708346,2.1985028,4.333333,1.1,0.0582,67,80,12
12430,-42.1685,148.2641,87.82375,13830,79.49602,0.7326744,50.3425,50.3425,684,180,46,145,15,145,76,190,18.381666,9.2475,129,171,45,93,94,164,54,2742,216,164,139,2.5818644,90.15538,4,1.1,0,70,46,0
12432,-42.1738,148.2791,87.05462,14282,79.43768,0.7699176,52.32763,52.32763,715,191,48,152,15,152,78,196,18.067564,9.085577,127,171,43,90,93,161,54,2728,214,161,136,1.7585543,66.45424,3.454545,1.1,0.0223,80,49,11
12434,-42.173,148.2851,89.34917,13830,79.43768,0.69582224,49.0825,49.0825,696,185,47,148,15,148,77,192,18.626667,9.54,129,171,45,93,93,163,54,2731,216,163,138,0.11193429,96.164536,2,1.1,0.0223,80,49,11
12438,-42.0578,148.3021,88.191246,13961,78.92278,0.76285607,52.642082,52.642082,715,187,48,153,15,153,80,197,18.419582,9.318958,130,169,47,94,93,164,55,2712,216,164,139,2.52852,-9864.656,4,1.1,0.0274,71,56,18
12444,-42.6831,146.6099,69.60792,15182,87.448494,2.3566797,111.16167,111.16167,1448,383,72,258,19,258,151,427,11.144167,3.1558332,57,168,-12,17,78,97,46,3097,156,97,34,2.2369149,4.2984033,10,0.9,0.0278,63,12,5
12446,-42.6735,146.625,69.5175,15182,87.61151,2.3230536,109.7175,109.7175,1425,378,73,259,18,259,145,416,10.956667,3.0375,52,165,-15,13,76,92,46,3054,150,92,29,2.2369149,4.6241508,10,0.9,0.0186,59,9,12
12447,-42.6793,146.6711,82.690414,14068,80.54543,1.5755104,91.45167,91.45167,1156,322,54,200,20,200,117,347,14.223333,4.6225,79,182,0,37,88,120,48,3218,182,120,42,0.11193429,3.4777474,2,0.9,0.0536,85,14,13
12450,-30.20116196,149.597435,170.78542,14236,60.849037,0.31753522,46.963333,46.963333,644,116,34,115,34,235,100,235,28.230833,13.105833,190,301,39,114,145,126,48,5697,340,260,260,0.11193429,0.88042647,6,2,0.0268,46,71,5
12459,-35.42356667,148.7989167,109.72417,21754,77.81334,1.2360399,88.3225,88.3225,1207,367,70,227,22,227,144,385,15.941667,5.2258334,90,265,-29,24,119,156,44,5156,236,156,32,2.6226802,4.667675,6,1.3,0.0693,75,90,15
12461,-35.42373333,148.7975833,109.72417,21754,77.81334,1.2360399,88.3225,88.3225,1207,367,70,227,22,227,144,385,15.941667,5.2258334,90,265,-29,24,119,156,44,5156,236,156,32,2.6226802,4.667675,6,1.3,0.07,75,89,15
12463,-35.42388333,148.7978833,109.72417,21754,77.81334,1.2360399,88.3225,88.3225,1207,367,70,227,22,227,144,385,15.941667,5.2258334,90,265,-29,24,119,156,44,5156,236,156,32,2.6226802,4.667675,6,1.3,0.07,75,89,15
12465,-35.4214,148.79855,109.72417,21754,77.81334,1.2360399,88.3225,88.3225,1207,367,70,227,22,227,144,385,15.941667,5.2258334,90,265,-29,24,119,156,44,5156,236,156,32,2.6226802,4.667675,6,1.3,0.0693,75,90,15
12467,-35.42375,148.79595,109.72417,21754,77.81334,1.2360399,88.3225,88.3225,1207,367,70,227,22,227,144,385,15.941667,5.2258334,90,265,-29,24,119,156,44,5156,236,156,32,2.6226802,4.667675,6,1.3,0.07,75,89,15
12469,-35.4235,148.7968,109.72417,21754,77.81334,1.2360399,88.3225,88.3225,1207,367,70,227,22,227,144,385,15.941667,5.2258334,90,265,-29,24,119,156,44,5156,236,156,32,2.6226802,4.667675,6,1.3,0.07,75,89,15
12471,-35.42386667,148.7971667,109.72417,21754,77.81334,1.2360399,88.3225,88.3225,1207,367,70,227,22,227,144,385,15.941667,5.2258334,90,265,-29,24,119,156,44,5156,236,156,32,2.6226802,4.667675,6,1.3,0.07,75,89,15
12473,-35.42325,148.7967667,109.72417,21754,77.81334,1.2360399,88.3225,88.3225,1207,367,70,227,22,227,144,385,15.941667,5.2258334,90,265,-29,24,119,156,44,5156,236,156,32,2.6226802,4.667675,6,1.3,0.07,75,89,15
12475,-35.42385,148.7965833,109.72417,21754,77.81334,1.2360399,88.3225,88.3225,1207,367,70,227,22,227,144,385,15.941667,5.2258334,90,265,-29,24,119,156,44,5156,236,156,32,2.6226802,4.667675,6,1.3,0.07,75,89,15
12477,-35.42261667,148.7961,109.72417,21754,77.81334,1.2360399,88.3225,88.3225,1207,367,70,227,22,227,144,385,15.941667,5.2258334,90,265,-29,24,119,156,44,5156,236,156,32,2.6226802,4.667675,6,1.3,0.07,75,89,15
12479,-35.42318333,148.7963833,109.72417,21754,77.81334,1.2360399,88.3225,88.3225,1207,367,70,227,22,227,144,385,15.941667,5.2258334,90,265,-29,24,119,156,44,5156,236,156,32,2.6226802,4.667675,6,1.3,0.07,75,89,15
12481,-32.526047,142.219292,187.64874,5820,56.517914,0.13386944,19.3275,19.3275,258,55,16,55,16,67,29,72,27.360834,12.8175,184,290,46,113,137,113,47,5472,336,253,249,-1.4173685,0.26325795,3.5,1.85,0.0087,17,27,2
12483,-29.055658,141.898047,240.95667,4310,49.376965,0.08215491,17.683334,17.683334,210,45,7,36,36,74,29,78,29.256666,15.918333,205,308,51,122,136,138,44,6206,359,282,275,0.11193429,0.101129666,2,1.95,0.0073,18,29,0
12485,-29.035917,141.352819,254.945,3888,49.297905,0.06616561,15.075833,15.075833,187,37,8,32,35,67,27,72,29.442501,15.898334,206,308,52,124,137,140,44,6221,360,284,277,1.2310106,0.114186116,2,1.05,0.0065,20,25,1
12487,-29.945633,144.111706,195.87666,6070,52.667686,0.122934446,20.855833,20.855833,279,56,11,51,30,95,40,99,29.080833,14.565833,203,307,50,123,140,138,45,6058,357,279,272,0.11193429,0.25739104,6,1,0.008,27,29,2
12489,-30.395,142.717778,210.4675,4988,52.580994,0.09973519,17.536667,17.536667,251,51,12,49,26,76,31,84,28.705,14.899167,198,308,45,117,137,133,44,6115,353,274,268,0.11193429,0.28078496,2,1.9,0.0069,16,17,1
12491,-35.881,149.0076,117.91209,17144,72.00162,0.55037946,50.003334,50.003334,851,206,60,188,12,196,90,247,17.299168,4.56,92,267,-31,29,126,37,47,4918,236,155,61,2.668549,3.975982,4,1.85,0.0329,55,46,13
12493,-35.8811,149.0083,117.91209,17144,72.00162,0.55037946,50.003334,50.003334,851,206,60,188,12,196,90,247,17.299168,4.56,92,267,-31,29,126,37,47,4918,236,155,61,2.668549,3.975982,4,1.85,0.0329,55,46,13
12495,-35.8766833,149.0097,116.6125,17144,72.34509,0.5729568,51.079998,51.079998,862,210,62,192,12,198,91,250,17.03,4.516667,92,266,-31,28,125,36,46,4913,235,154,61,2.668549,3.9499772,4,1.85,0.0329,55,46,13
12497,-35.8769333,149.01025,115.88292,17144,72.59152,0.5842202,51.603333,51.603333,862,210,62,192,12,198,91,250,16.849167,4.4733334,92,266,-31,28,125,36,46,4913,235,154,61,2.668549,4.0002894,4,1.85,0.0329,55,46,13
12501,-30.20049501,149.596946,170.78542,14236,60.849037,0.31753522,46.963333,46.963333,644,116,34,115,34,235,100,235,28.230833,13.105833,190,301,39,114,145,126,48,5697,340,260,260,0.11193429,0.88042647,6,2,0.0268,46,71,5
12503,-30.20091302,149.59689,170.78542,14236,60.849037,0.31753522,46.963333,46.963333,644,116,34,115,34,235,100,235,28.230833,13.105833,190,301,39,114,145,126,48,5697,340,260,260,0.11193429,0.88042647,6,2,0.0268,46,71,5
12505,-30.20176998,149.596752,170.78542,14236,60.849037,0.31753522,46.963333,46.963333,644,116,34,115,34,235,100,235,28.230833,13.105833,190,301,39,114,145,126,48,5697,340,260,260,0.11193429,0.88042647,6,2,0.0236,46,77,5
12507,-30.20134804,149.596892,170.78542,14236,60.849037,0.31753522,46.963333,46.963333,644,116,34,115,34,235,100,235,28.230833,13.105833,190,301,39,114,145,126,48,5697,340,260,260,0.11193429,0.88042647,6,2,0.0268,46,71,5
12509,-30.201197,149.596931,170.78542,14236,60.849037,0.31753522,46.963333,46.963333,644,116,34,115,34,235,100,235,28.230833,13.105833,190,301,39,114,145,126,48,5697,340,260,260,0.11193429,0.88042647,6,2,0.0268,46,71,5
12511,-30.200924,149.596977,170.78542,14236,60.849037,0.31753522,46.963333,46.963333,644,116,34,115,34,235,100,235,28.230833,13.105833,190,301,39,114,145,126,48,5697,340,260,260,0.11193429,0.88042647,6,2,0.0268,46,71,5
12513,-30.20182304,149.597007,170.78542,14236,60.849037,0.31753522,46.963333,46.963333,644,116,34,115,34,235,100,235,28.230833,13.105833,190,301,39,114,145,126,48,5697,340,260,260,0.11193429,0.88042647,6,2,0.0268,46,71,5
12515,-30.20151299,149.597039,170.78542,14236,60.849037,0.31753522,46.963333,46.963333,644,116,34,115,34,235,100,235,28.230833,13.105833,190,301,39,114,145,126,48,5697,340,260,260,0.11193429,0.88042647,6,2,0.0268,46,71,5
12517,-30.20168197,149.597005,170.78542,14236,60.849037,0.31753522,46.963333,46.963333,644,116,34,115,34,235,100,235,28.230833,13.105833,190,301,39,114,145,126,48,5697,340,260,260,0.11193429,0.88042647,6,2,0.0268,46,71,5
12519,-30.20054799,149.597266,170.78542,14236,60.849037,0.31753522,46.963333,46.963333,644,116,34,115,34,235,100,235,28.230833,13.105833,190,301,39,114,145,126,48,5697,340,260,260,0.11193429,0.88042647,6,2,0.0268,46,71,5
12521,-30.20066902,149.597249,170.78542,14236,60.849037,0.31753522,46.963333,46.963333,644,116,34,115,34,235,100,235,28.230833,13.105833,190,301,39,114,145,126,48,5697,340,260,260,0.11193429,0.88042647,6,2,0.0268,46,71,5
12523,-30.20092802,149.597209,170.78542,14236,60.849037,0.31753522,46.963333,46.963333,644,116,34,115,34,235,100,235,28.230833,13.105833,190,301,39,114,145,126,48,5697,340,260,260,0.11193429,0.88042647,6,2,0.0268,46,71,5
12525,-30.20171399,149.597239,170.78542,14236,60.849037,0.31753522,46.963333,46.963333,644,116,34,115,34,235,100,235,28.230833,13.105833,190,301,39,114,145,126,48,5697,340,260,260,0.11193429,0.88042647,6,2,0.0268,46,71,5
12527,-30.20141199,149.597294,170.78542,14236,60.849037,0.31753522,46.963333,46.963333,644,116,34,115,34,235,100,235,28.230833,13.105833,190,301,39,114,145,126,48,5697,340,260,260,0.11193429,0.88042647,6,2,0.0268,46,71,5
12529,-30.20098099,149.597383,170.78542,14236,60.849037,0.31753522,46.963333,46.963333,644,116,34,115,34,235,100,235,28.230833,13.105833,190,301,39,114,145,126,48,5697,340,260,260,0.11193429,0.88042647,6,2,0.0268,46,71,5
12560,-35.881,149.0076,117.91209,17144,72.00162,0.55037946,50.003334,50.003334,851,206,60,188,12,196,90,247,17.299168,4.56,92,267,-31,29,126,37,47,4918,236,155,61,2.668549,3.975982,4,1.85,0.0329,55,46,13
12562,-35.8811,149.0083,117.91209,17144,72.00162,0.55037946,50.003334,50.003334,851,206,60,188,12,196,90,247,17.299168,4.56,92,267,-31,29,126,37,47,4918,236,155,61,2.668549,3.975982,4,1.85,0.0329,55,46,13
12564,-35.8766833,149.0097,116.6125,17144,72.34509,0.5729568,51.079998,51.079998,862,210,62,192,12,198,91,250,17.03,4.516667,92,266,-31,28,125,36,46,4913,235,154,61,2.668549,3.9499772,4,1.85,0.0329,55,46,13
12566,-35.8769333,149.01025,115.88292,17144,72.59152,0.5842202,51.603333,51.603333,862,210,62,192,12,198,91,250,16.849167,4.4733334,92,266,-31,28,125,36,46,4913,235,154,61,2.668549,4.0002894,4,1.85,0.0329,55,46,13
12568,-35.8748666,149.01088,115.88292,17144,72.59152,0.5842202,51.603333,51.603333,805,186,54,170,13,192,86,232,16.849167,4.4733334,96,271,-30,32,129,40,47,4930,241,158,92,2.668549,4.0002894,4,1.85,0.0336,55,54,13
12570,-35.8748166,149.01165,115.88292,17144,72.59152,0.5842202,51.603333,51.603333,805,186,54,170,13,192,86,232,16.849167,4.4733334,96,271,-30,32,129,40,47,4930,241,158,92,2.668549,4.0002894,4,1.85,0.0336,55,54,13
12572,-35.881,149.0076,117.91209,17144,72.00162,0.55037946,50.003334,50.003334,851,206,60,188,12,196,90,247,17.299168,4.56,92,267,-31,29,126,37,47,4918,236,155,61,2.668549,3.975982,4,1.85,0.0329,55,46,13
12574,-35.8811,149.0083,117.91209,17144,72.00162,0.55037946,50.003334,50.003334,851,206,60,188,12,196,90,247,17.299168,4.56,92,267,-31,29,126,37,47,4918,236,155,61,2.668549,3.975982,4,1.85,0.0329,55,46,13
12576,-35.8766833,149.0097,116.6125,17144,72.34509,0.5729568,51.079998,51.079998,862,210,62,192,12,198,91,250,17.03,4.516667,92,266,-31,28,125,36,46,4913,235,154,61,2.668549,3.9499772,4,1.85,0.0329,55,46,13
12578,-35.8769333,149.01025,115.88292,17144,72.59152,0.5842202,51.603333,51.603333,862,210,62,192,12,198,91,250,16.849167,4.4733334,92,266,-31,28,125,36,46,4913,235,154,61,2.668549,4.0002894,4,1.85,0.0329,55,46,13
12580,-35.8748666,149.01088,115.88292,17144,72.59152,0.5842202,51.603333,51.603333,805,186,54,170,13,192,86,232,16.849167,4.4733334,96,271,-30,32,129,40,47,4930,241,158,92,2.668549,4.0002894,4,1.85,0.0336,55,54,13
12582,-35.8748166,149.01165,115.88292,17144,72.59152,0.5842202,51.603333,51.603333,805,186,54,170,13,192,86,232,16.849167,4.4733334,96,271,-30,32,129,40,47,4930,241,158,92,2.668549,4.0002894,4,1.85,0.0336,55,54,13
12584,-34.42796,142.27515,172.98416,6773,59.75693,0.17165221,20.33,20.33,315,84,21,65,15,68,33,95,25.4725,11.1975,169,286,39,103,138,205,48,5097,325,234,138,-1.4173685,0.79133254,2,1.2,0.0131,31,42,4
12586,-34.42796,142.27515,172.98416,6773,59.75693,0.17165221,20.33,20.33,315,84,21,65,15,68,33,95,25.4725,11.1975,169,286,39,103,138,205,48,5097,325,234,138,-1.4173685,0.79133254,2,1.2,0.0131,31,42,4
12588,-35.28922,139.02281,131.92958,9663,68.32196,0.32438022,28.365,28.365,397,135,19,60,31,61,48,135,22.69,11.173333,157,210,63,112,112,202,53,3548,273,202,112,0.11193429,1.2713263,6,1.7,0.0162,46,41,5
12590,-35.28922,139.02281,131.92958,9663,68.32196,0.32438022,28.365,28.365,397,135,19,60,31,61,48,135,22.69,11.173333,157,210,63,112,112,202,53,3548,273,202,112,0.11193429,1.2713263,6,1.7,0.0162,46,41,5
12592,-34.09934,139.84894,147.32791,6421,60.391468,0.19659653,19.275,19.275,270,76,13,47,22,53,30,81,25.488333,10.621667,168,271,48,108,139,226,51,4715,319,228,137,-1.1502736,0.557058,2,1.2,0.0177,52,52,5
12594,-34.09934,139.84894,147.32791,6421,60.391468,0.19659653,19.275,19.275,270,76,13,47,22,53,30,81,25.488333,10.621667,168,271,48,108,139,226,51,4715,319,228,137,-1.1502736,0.557058,2,1.2,0.0177,52,52,5
12614,-33.659823,150.265414,120.79208,20047,75.82614,0.833072,88.791664,88.791664,1312,269,61,216,30,432,165,478,18.506666,8.305833,115,217,12,57,96,65,44,4371,229,169,166,2.390361,2.5694253,3,1,0.0287,73,43,9
12616,-33.659823,150.265414,120.79208,20047,75.82614,0.833072,88.791664,88.791664,1312,269,61,216,30,432,165,478,18.506666,8.305833,115,217,12,57,96,65,44,4371,229,169,166,2.390361,2.5694253,3,1,0.0287,73,43,9
12618,-33.652818,150.268179,120.79208,20047,75.82614,0.833072,88.791664,88.791664,1258,254,60,208,29,414,158,457,18.506666,8.305833,119,224,12,60,100,69,44,4432,236,173,170,2.390361,2.5694253,3,1,0.0287,76,43,9
12620,-33.652818,150.268179,120.79208,20047,75.82614,0.833072,88.791664,88.791664,1258,254,60,208,29,414,158,457,18.506666,8.305833,119,224,12,60,100,69,44,4432,236,173,170,2.390361,2.5694253,3,1,0.0287,76,43,9
12622,-33.652974,150.267825,120.79208,20047,75.82614,0.833072,88.791664,88.791664,1258,254,60,208,29,414,158,457,18.506666,8.305833,119,224,12,60,100,69,44,4432,236,173,170,2.390361,2.5694253,3,1,0.0287,76,43,9
12624,-33.652613,150.267756,120.79208,20047,75.82614,0.833072,88.791664,88.791664,1258,254,60,208,29,414,158,457,18.506666,8.305833,119,224,12,60,100,69,44,4432,236,173,170,2.390361,2.5694253,3,1,0.0287,76,43,9
12816,-16.10341667,145.4478833,164.36874,37784,76.34456,1.5313977,246.60333,246.60333,2064,116,28,97,91,1016,444,1265,28.9225,21.805834,244,144,169,214,84,233,58,2106,313,267,265,0.11193429,926.07086,6,2.1,0.0018,89,85,14
12818,-16.10298333,145.4472167,164.36874,37784,76.34456,1.5313977,246.60333,246.60333,2064,116,28,97,91,1016,444,1265,28.9225,21.805834,244,144,169,214,84,233,58,2106,313,267,265,0.11193429,926.07086,6,2.1,0.0018,89,85,14
12819,-16.10341667,145.4478833,164.36874,37784,76.34456,1.5313977,246.60333,246.60333,2064,116,28,97,91,1016,444,1265,28.9225,21.805834,244,144,169,214,84,233,58,2106,313,267,265,0.11193429,926.07086,6,2.1,0.0018,89,85,14
12824,-17.12108333,145.6308833,128.57916,26425,74.04055,1.0491668,133.55167,133.55167,2140,195,46,146,76,954,421,1187,26.47,17.101667,210,174,117,173,98,197,56,2588,291,238,235,2.472281,1.2477214,4,2,0.0017,86,43,17
12828,-17.1036,145.61195,124.919586,26425,74.13823,1.2520952,153.75917,153.75917,1866,171,41,128,76,846,364,1037,25.656666,16.500834,200,178,105,162,101,186,56,2642,283,229,225,2.472281,1.2815496,4,2.1,0.0017,85,87,18
12830,-17.09208333,145.6202167,118.386665,26734,74.60454,1.6376755,188.76833,188.76833,1743,161,39,122,76,795,336,965,24.809166,16.056667,192,180,97,154,102,178,56,2647,277,221,217,2.472281,1.2459377,4,2.1,0.001,86,55,18
12832,-27.387599,152.878317,143.78792,21675,68.096085,0.56972826,80.6375,80.6375,1247,177,35,142,45,495,184,509,27.121666,15.031667,198,221,75,145,115,153,52,3832,296,243,240,2.3527613,1.1869359,6,1.3,0.0035,65,76,8
12834,-27.387121,152.87905,143.78792,21675,68.096085,0.56972826,80.6375,80.6375,1247,177,35,142,45,495,184,509,27.121666,15.031667,198,221,75,145,115,153,52,3832,296,243,240,2.3527613,1.1869359,6,1.3,0.027,65,73,8
12836,-27.386111,152.878872,143.78792,21675,68.096085,0.56972826,80.6375,80.6375,1247,177,35,142,45,495,184,509,27.121666,15.031667,198,221,75,145,115,153,52,3832,296,243,240,2.3527613,1.1869359,6,1.3,0.027,65,73,8
12838,-27.632688,153.083025,137.5975,21994,69.96859,0.61395735,81.97,81.97,1187,189,36,149,40,445,159,459,27.035833,15.630834,199,216,79,147,111,154,51,3723,295,242,240,2.3025475,0.7508441,4,1.3,0.0069,75,83,12
12858,-27.386111,152.878872,143.78792,21675,68.096085,0.56972826,80.6375,80.6375,1247,177,35,142,45,495,184,509,27.121666,15.031667,198,221,75,145,115,153,52,3832,296,243,240,2.3527613,1.1869359,6,1.3,0.027,65,73,8
12860,-22.282754,133.249341,252.91833,7012,45.896763,0.09016073,25.004166,25.004166,321,34,8,31,61,149,59,153,31.97,16.19,224,307,59,146,147,165,47,5662,366,289,281,1.5152113,0.2620478,2,1,0.0056,36,17,2
12862,-22.288806,133.613639,252.93167,7153,45.863407,0.08510832,23.47,23.47,313,32,8,30,61,148,60,151,32.185833,16.104166,226,307,62,149,148,168,48,5642,369,291,283,1.5152113,0.23612456,2,1,0.0048,25,14,1
12876,-14.195246,135.71916,197.69626,18623,65.00486,0.44087598,80.91417,80.91417,1082,7,2,7,106,429,248,723,33.84,22.263334,273,193,168,233,109,233,56,2677,361,303,292,1.5152113,0.19672485,2,1,0.0111,45,25,6
12878,-12.93256,135.20189,175.18875,24099,67.84344,0.5840951,97.26666,97.26666,1184,8,1,6,108,497,269,789,32.8625,22.586666,268,172,173,236,101,243,58,2128,345,291,281,1.5152113,0.19363527,2,1,0.0183,39,56,5
12880,-12.50916,135.81029,175.71791,24877,72.32436,0.645846,106.49416,106.49416,1311,14,2,8,105,534,300,850,32.076668,23.079166,268,151,186,240,92,244,60,1841,337,288,280,1.5152113,0.32086885,2,1,0.0185,55,37,5
12882,-13.52115,134.50615,189.18375,21213,61.74072,0.4960535,87.557495,87.557495,1105,4,1,4,110,485,265,753,33.705833,21.8725,267,202,156,229,118,229,58,2533,358,295,282,1.5152113,0.1971453,2,1.4,0.0179,52,47,4
12884,-36.673214,145.029247,121.93958,12201,66.85456,0.5364344,38.469166,38.469166,577,172,30,109,20,109,63,176,22.589167,9.328333,147,265,31,84,124,211,46,4965,296,211,93,2.6185448,1.2591811,3,1.4,0.0192,61,48,6
12886,-36.650436,145.5755,118.22041,13385,66.72365,0.664261,45.055832,45.055832,643,204,30,112,24,112,74,205,22.824167,9.6475,148,266,33,84,122,214,45,5047,299,214,93,0.25221446,1.4657543,6,1.15,0.017,56,37,3
12891,-37.25205,144.05391,106.99292,14310,72.33849,0.7299446,47.530834,47.530834,662,208,33,109,25,109,78,212,20.099167,7.4508333,129,245,25,73,117,186,47,4438,270,186,80,2.67493,2.0550983,3,1.15,0.0303,67,52,7
12897,-34.003639,140.587564,152.88708,6170,59.720646,0.17553143,18.2775,18.2775,256,71,15,51,17,52,27,75,25.66,11.210834,171,280,45,108,141,230,50,4931,325,234,139,-1.1502736,0.44378626,2,1.2,0.0112,33,37,4
12899,-34.098,140.3515262,152.40625,6405,60.19925,0.1810676,18.564167,18.564167,257,71,15,52,17,53,27,74,25.496666,10.744166,169,278,44,106,142,228,51,4872,322,231,113,-1.1502736,0.5235295,2,1.2,0.0087,31,29,3
12901,-33.971572,140.728053,153.59209,6364,59.42048,0.17189583,18.12,18.12,259,71,16,52,17,53,27,76,25.745834,11.509167,172,283,44,107,141,232,49,5000,327,235,141,0.11193429,0.44410422,6,1.2,0.0079,31,29,4
12903,-43.09507123,146.6542886,99.21083,17061,80.7161,1.5796542,116.02416,116.02416,1364,412,63,216,24,216,150,437,17.065834,6.8066664,112,169,36,74,85,149,50,2899,205,149,80,0.11193429,1.9642675,2,1.15,0.0506,83,92,9
12939,-13.40822,135.77629,186.73041,20905,69.16678,0.53609765,92.5275,92.5275,1144,8,1,6,104,450,254,744,32.983334,22.4275,271,172,178,237,100,244,58,2256,350,296,286,3.230449,0.19958624,4,1,0.0064,50,17,5
13260,-39.9214,143.85151,103.98708,13332,88.060814,0.9250631,71.4375,71.4375,964,368,33,121,40,123,133,368,17.5625,11.048333,133,132,76,104,64,162,48,2381,208,166,104,0.11193429,-311.46753,2,1.4,0.0343,62,16,20
13264,-40.10732,143.90582,100.93708,14256,88.48309,1.0561714,78.513336,78.513336,1027,392,36,130,39,135,141,392,16.995832,10.827499,130,131,73,101,64,158,48,2336,204,162,101,3.01515,1.941682,6,1.4,0.0583,80,65,20
13266,-39.93582,144.11945,103.175415,14794,87.64828,0.926292,71.16334,71.16334,1040,393,37,132,39,140,144,393,17.211666,11.002501,131,136,71,100,65,160,47,2449,207,164,100,3.01515,1.8855671,6,1,0.0613,80,40,21
13268,-39.935,144.11969,103.175415,14794,87.64828,0.926292,71.16334,71.16334,1040,393,37,132,39,140,144,393,17.211666,11.002501,131,136,71,100,65,160,47,2449,207,164,100,3.01515,1.8855671,6,1,0.0613,80,40,21
13270,-39.89271,144.08213,104.65083,14605,87.33476,0.87415284,68.511665,68.511665,1011,383,36,128,39,136,140,383,17.544167,11.178333,133,135,74,103,66,162,48,2415,209,166,103,0.11193429,452.70923,2,1,0.0355,84,15,20
13272,-39.89131,144.07319,104.598335,14605,87.28992,0.8776407,68.7325,68.7325,995,377,35,126,39,134,138,377,17.5325,11.165,134,135,75,104,65,162,48,2407,210,167,104,3.01515,-117.49905,6,1,0.0355,76,15,21
13274,-39.72931,143.92897,105.03917,14043,87.46106,0.85307384,67.54,67.54,968,361,35,124,39,124,132,361,17.705833,11.26,134,136,74,104,65,167,47,2454,210,167,104,0.11193429,1.1851757,2,1,0.0265,74,43,20
13276,-39.66524,143.97764,104.93625,15026,87.09759,0.84994566,67.41167,67.41167,962,357,36,126,38,130,134,357,17.615,11.248333,134,137,74,104,66,163,48,2443,211,167,104,0.11193429,1.3193194,2,1.4,0.0356,80,26,13
13278,-39.65086,143.97275,105.02416,15026,87.14028,0.8497823,67.455,67.455,962,357,36,126,38,129,134,357,17.601667,11.245833,134,136,74,104,66,164,48,2484,210,168,104,0.11193429,1.3144233,2,1.4,0.0346,67,45,20
13280,-39.62658,143.97147,105.690414,14806,87.03927,0.83968264,67.10333,67.10333,970,359,36,127,38,130,135,359,17.623333,11.269167,134,136,74,103,66,164,48,2475,210,167,103,0.11193429,1.3495127,2,1.4,0.0334,61,34,14
13282,-39.8567,143.89352,103.92917,14482,87.79276,0.9064692,70.27583,70.27583,971,369,34,122,40,125,134,369,17.501667,11.069166,134,133,76,104,65,163,48,2401,209,166,104,0.11193429,-1.6805959,2,1.4,0.0284,79,30,21
13284,-39.85711,143.89846,103.92917,14482,87.79276,0.9064692,70.27583,70.27583,971,369,34,122,40,125,134,369,17.501667,11.069166,134,133,76,104,65,163,48,2401,209,166,104,0.11193429,-1.6805959,2,1.4,0.0284,79,30,21
13286,-39.8644,143.89126,104.2175,14482,87.77884,0.9001677,69.996666,69.996666,963,366,33,121,40,123,133,366,17.555834,11.093333,134,134,75,104,65,163,48,2432,209,167,104,2.8870544,-43.628384,4,1.4,0.0614,78,6,21
13729,-32.82851,138.0327,172.58458,7159,61.386158,0.25076464,30.428333,30.428333,413,139,19,57,35,59,49,142,24.7625,12.029166,173,260,52,109,127,231,48,4854,312,233,118,2.9642596,1.0411196,2,1.55,0.0138,39,34,10
13731,-33.9142,138.6038,141.30333,13679,65.517456,0.59823895,47.726665,47.726665,715,281,24,76,48,77,102,281,21.5,8.921667,140,262,28,80,131,199,50,4702,290,200,80,2.9193397,1.4316574,2,1,0.016,69,40,4
13733,-34.57692,139.0061,132.88918,16239,68.508484,0.6849794,50.345,50.345,765,307,26,83,48,85,112,307,20.009167,9.031667,131,242,30,77,121,187,50,4353,272,187,77,2.7119336,1.3921055,4,1.15,0.021,62,49,5
13735,-34.6831,138.9086,144.17833,13253,67.54478,0.6002394,49.876667,49.876667,712,293,21,69,51,69,106,293,21.4625,9.876667,142,240,40,88,120,196,50,4263,280,196,88,2.9193397,1.1207322,2,1.15,0.0196,63,44,5
13906,-35.60827,138.2613,119.674164,16757,78.06636,0.84527165,61.6025,61.6025,791,340,23,79,53,80,124,340,18.685,10.880834,141,161,70,102,77,179,47,3095,231,181,102,1.5152113,1.3416768,3,1.1,0.0517,68,67,20
14181,-24.83835,147.781349,188.81958,16663,55.93993,0.27558872,54.005,54.005,716,94,21,84,49,313,109,313,26.936666,12.614166,179,298,20,106,152,121,51,5269,318,241,241,1.5152113,0.5743528,10,1.3,0.0358,63,57,7
14183,-24.853827,147.521225,176.55167,15766,54.878162,0.26720685,48.6725,48.6725,675,87,20,79,50,299,108,299,28.19,13.343333,188,301,26,114,154,129,51,5340,327,250,250,2.2794957,0.510263,2,1,0.0302,57,40,7
14185,-41.65563,145.08186,84.61916,17372,83.79989,2.2899206,139.62083,139.62083,1783,635,76,268,32,268,235,635,17.135834,8.8741665,121,148,56,90,76,153,51,2442,204,153,90,2.812412,2.7765825,6,1.8,0.0459,84,40,6
14187,-41.58365,145.09314,82.65125,17052,84.73761,2.4399562,145.04416,145.04416,1827,626,77,280,30,280,228,626,16.111668,8.045,111,151,46,80,77,145,50,2502,197,145,80,2.812412,2.8942063,6,1.8,0.0463,77,78,13
15861,-13.67883,143.14101,199.17542,19757,70.222946,0.55376846,96.2875,96.2875,1257,10,2,7,116,536,319,899,31.988333,21.598333,257,164,173,230,101,235,61,1869,337,278,271,0.11193429,0.25100204,2,1,0.0019,51,63,6
15863,-13.68124,143.13999,199.21333,19757,70.12472,0.5507358,95.78167,95.78167,1257,10,2,7,116,536,319,899,32.0275,21.6025,257,164,173,230,101,235,61,1869,337,278,271,0.11193429,0.25451493,2,1,0.0019,51,63,6
15865,-13.83469,143.09814,197.52042,23693,69.68113,0.53997654,93.35333,93.35333,1189,8,2,6,117,518,308,857,31.945,21.394167,256,169,168,228,104,234,61,1903,337,277,270,0.11193429,0.20300762,2,1,0.0016,57,31,5
15867,-13.82992,143.09857,198.0325,23693,69.59032,0.53761786,93.16333,93.16333,1189,8,2,6,117,519,309,858,32.005833,21.438334,256,170,168,227,104,233,61,1967,338,278,271,0.11193429,0.20475206,2,1,0.002,60,39,5
15869,-13.53401,143.04765,192.17958,21048,70.17198,0.5929992,99.214165,99.214165,1360,15,3,10,113,564,335,957,32.161667,21.720833,258,161,175,231,99,236,61,1836,336,279,272,0.11193429,0.32142475,2,1,0.0019,65,32,7
15871,-13.53235,143.04753,192.17958,21048,70.17198,0.5929992,99.214165,99.214165,1366,17,3,11,113,564,335,959,32.161667,21.720833,258,161,175,231,99,236,61,1836,336,279,272,0.11193429,0.32142475,2,1,0.0019,56,32,7
15873,-13.5153,143.04163,192.12541,22242,70.24413,0.5974122,99.89084,99.89084,1380,18,3,12,112,568,337,966,32.143333,21.7275,258,159,176,231,99,236,62,1834,335,279,272,0.11193429,0.31949788,2,1,0.0013,58,30,5
15877,-13.77233,141.88817,189.99666,26945,67.471756,0.7467158,120.90833,120.90833,1484,6,2,6,121,651,390,1096,33.266666,21.955,265,174,173,238,108,238,62,1845,347,285,277,1.5152113,0.30633464,2,1,0.0032,64,50,8
15879,-13.77007,141.89049,189.96667,26945,67.4681,0.7450823,120.652504,120.652504,1484,6,2,6,121,651,390,1096,33.264168,21.948334,265,174,173,238,108,238,62,1845,347,285,277,1.5152113,0.30466908,2,1,0.0032,64,49,8
15881,-13.60245,141.68107,189.175,27457,67.66784,0.81871283,130.815,130.815,1544,5,1,5,121,682,407,1138,33.37583,22.228333,267,170,177,239,106,239,62,1803,347,286,278,1.5152113,0.3124141,2,1,9e-04,64,57,10
15883,-13.60315,141.6841,189.175,27457,67.66784,0.81871283,130.815,130.815,1543,5,1,5,120,682,407,1137,33.37583,22.228333,267,170,177,240,106,240,62,1784,347,286,279,1.5152113,0.3124141,2,1,9e-04,64,57,10
15885,-13.74184,141.50677,189.27875,24528,67.53909,0.80127513,128.23083,128.23083,1517,4,1,4,122,667,401,1128,33.359165,22.281666,267,171,176,240,106,240,61,1814,347,287,279,0.11193429,751.2236,6,1,1e-04,53,52,11
15887,-13.74768,141.50618,189.27875,21166,67.53909,0.80127513,128.23083,128.23083,1517,4,1,4,122,667,401,1128,33.359165,22.281666,267,171,176,240,106,240,61,1814,347,287,279,0.11193429,751.2236,6,1,1e-04,57,55,6
15891,-13.84394,141.61639,190.64041,26530,67.33489,0.7637948,123.57083,123.57083,1488,4,1,4,121,651,393,1109,33.42917,22.204166,268,174,175,240,107,240,61,1877,349,288,280,0.11193429,0.2783057,6,2,0.0015,56,59,10
15895,-13.97474,141.65258,191.75041,26912,67.0487,0.7280611,119.02334,119.02334,1459,5,1,5,123,636,386,1093,33.4525,22.133333,267,176,173,239,108,239,61,1874,349,287,279,1.5152113,0.39602008,2,1,0.0018,54,48,10
15943,-42.38459,147.31059,99.12458,10210,75.72854,0.5292084,40.384167,40.384167,553,145,35,117,12,127,54,156,16.568333,5.6075,100,202,10,55,103,143,50,3424,212,143,114,2.2369149,2.3953943,10,1.15,0.0248,63,24,6
15945,-42.38433,147.31092,99.12458,10210,75.72854,0.5292084,40.384167,40.384167,553,145,35,117,12,127,54,156,16.568333,5.6075,100,202,10,55,103,143,50,3424,212,143,114,2.2369149,2.3953943,10,1.15,0.0199,63,45,6
15947,-42.40422,147.40767,98.737915,11039,76.67955,0.5920244,44.920834,44.920834,630,170,39,130,13,130,61,176,16.109167,5.576667,98,197,10,54,100,140,50,3350,207,140,111,2.3527613,1.9850873,6,0.9,0.0559,63,38,12
15949,-42.32849,147.39757,98.14917,10469,75.70173,0.5451509,40.7875,40.7875,580,152,37,119,13,119,57,164,16.460833,5.5975,100,201,10,55,102,142,50,3400,211,142,113,2.3527613,2.4272852,6,1.35,0.0263,62,47,13
15951,-42.28444,147.40152,94.252914,10449,76.07638,0.58625555,41.38,41.38,611,164,36,122,14,122,60,170,16.073334,5.3058333,96,199,8,52,101,139,50,3367,207,139,110,2.3527613,2.59969,6,2,0.0264,64,37,11
15953,-42.24227,147.45971,94.07083,9874,75.302475,0.54981935,39.0325,39.0325,545,143,32,112,14,112,54,153,16.93,5.7275,104,203,13,60,104,146,51,3364,216,146,118,2.2369149,1.9135723,6,1.15,0.0202,60,30,11
15955,-42.8223,147.50573,94.75,12661,76.11521,0.51597,38.625,38.625,526,128,31,114,15,117,57,156,18.456667,8.685,126,178,43,87,93,110,52,3000,221,164,138,0.11193429,0.8151994,2,1.25,0.0388,61,6,5
15957,-42.27904,147.61451,96.347084,11664,76.23442,0.5995857,44.304165,44.304165,634,171,37,134,13,134,62,173,16.759167,6.0125,104,195,15,61,101,144,51,3254,210,144,67,2.2369149,2.603764,10,1.25,0.0119,64,30,4
15959,-42.8072,147.43977,92.57,12047,75.25398,0.5174956,37.628334,37.628334,540,136,35,119,13,119,55,156,18.4675,8.513333,125,184,39,83,95,163,51,3098,223,163,137,1.5152113,1.5625666,10,1.15,0.0147,61,13,5
15961,-42.61742,147.42263,101.25667,11826,74.71965,0.5126772,41.08917,41.08917,558,144,37,124,11,124,54,155,18.175833,7.4083333,119,194,29,76,100,159,51,3242,223,159,132,2.2369149,2.58956,10,1.15,0.0225,49,44,4
15963,-42.61778,147.42226,101.25667,11826,74.71965,0.5126772,41.08917,41.08917,558,144,37,124,11,124,54,155,18.175833,7.4083333,119,194,29,76,100,159,51,3242,223,159,132,2.2369149,2.58956,10,1.15,0.0225,49,44,4
15965,-42.54522,147.45611,102.69125,11959,76.13651,0.5776768,46.468334,46.468334,690,190,42,144,14,144,70,192,16.9825,6.5558333,105,193,17,61,98,145,50,3250,210,145,68,2.3527613,2.2727506,6,1.3,0.0581,73,19,7
15967,-42.80744,147.4391,92.57,12047,75.25398,0.5174956,37.628334,37.628334,540,136,35,119,13,119,55,156,18.4675,8.513333,125,184,39,83,95,163,51,3098,223,163,137,1.5152113,1.5625666,10,1.15,0.0147,61,13,5
15969,-42.38784,147.04742,96.62583,10799,75.909386,0.5556363,40.941666,40.941666,546,135,35,117,12,123,54,154,16.8225,5.0625,97,205,6,52,103,140,50,3450,211,140,111,2.3527613,2.7606585,6,1.35,0.0198,56,43,7
15971,-42.3985,147.0791,95.92375,11526,76.16614,0.577185,42.17917,42.17917,551,138,35,117,13,117,55,157,16.496666,5.02,96,204,6,51,103,140,50,3456,210,140,110,2.465048,2.1347506,4,1.15,0.016,58,34,4
15973,-42.39835,147.07991,95.92375,11526,76.16614,0.577185,42.17917,42.17917,551,138,35,117,13,117,55,157,16.496666,5.02,96,204,6,51,103,140,50,3456,210,140,110,2.465048,2.1347506,4,1.15,0.016,58,34,4
15975,-42.27335,146.89476,87.48292,12101,77.35052,0.77182996,49.211666,49.211666,597,150,37,125,14,134,58,170,15.324167,4.2283335,87,202,0,42,101,130,50,3444,202,131,101,2.3527613,2.7553275,6,1.35,0.0321,61,46,11
15977,-42.27154,146.8927,87.48292,12101,77.35052,0.77182996,49.211666,49.211666,597,150,37,125,14,134,58,170,15.324167,4.2283335,87,202,0,42,101,130,50,3444,202,131,101,2.3527613,2.7553275,6,1.35,0.0215,61,40,11
15979,-42.27031,146.89643,87.48292,12101,77.35052,0.77182996,49.211666,49.211666,597,150,37,125,14,134,58,170,15.324167,4.2283335,87,202,0,42,101,130,50,3444,202,131,101,2.3527613,2.7553275,6,1.35,0.0215,61,40,11
15981,-42.55598,147.20049,90.43,11055,75.3876,0.6376663,43.57,43.57,593,154,39,124,12,124,58,167,17.023333,6.0808334,103,199,14,59,101,145,50,3352,213,145,117,2.3527613,2.4296892,6,2,0.0258,64,28,5
15983,-42.55907,147.20646,90.43,11055,75.3876,0.6376663,43.57,43.57,595,156,39,124,12,124,58,167,17.023333,6.0808334,104,200,14,59,101,146,50,3394,214,146,118,2.3527613,2.4296892,6,2,0.0258,58,28,7
15984,-42.55907,147.20646,90.43,11055,75.3876,0.6376663,43.57,43.57,595,156,39,124,12,124,58,167,17.023333,6.0808334,104,200,14,59,101,146,50,3394,214,146,118,2.3527613,2.4296892,6,2,0.0258,58,28,7
15987,-42.40184,147.01964,96.73541,11270,75.575165,0.5537324,40.8475,40.8475,547,135,35,117,12,123,54,155,17.1425,5.1616664,97,205,6,52,103,140,50,3453,211,140,111,2.3527613,2.8892221,6,1.15,0.0133,65,39,7
15989,-42.40319,147.01244,96.73541,11270,75.575165,0.5537324,40.8475,40.8475,534,131,34,114,13,120,54,152,17.1425,5.1616664,101,207,8,55,104,144,50,3502,215,145,116,2.3527613,2.8892221,6,1.15,0.012,58,34,7
15991,-42.42688,146.69943,86.48375,13468,75.4259,0.7922158,49.139168,49.139168,626,171,33,110,19,122,63,188,18.208334,5.9791665,112,207,18,66,104,154,50,3431,225,155,90,2.3527613,2.2789898,6,1.3,0.0106,63,21,7
15993,-42.54652,146.84942,92.5,10613,75.17277,0.5208798,36.2475,36.2475,478,120,31,94,15,105,48,136,18.426666,6.266667,114,208,19,67,105,157,50,3487,227,157,110,2.2369149,2.6499279,10,2,0.013,66,29,0
15995,-42.54686,146.84851,92.5,10613,75.17277,0.5208798,36.2475,36.2475,478,120,31,94,15,105,48,136,18.426666,6.266667,114,208,19,67,105,157,50,3487,227,157,110,2.2369149,2.6499279,10,2,0.013,66,29,0
15997,-42.57264,146.77292,92.432915,12028,75.628654,0.6354426,43.5725,43.5725,584,157,34,106,17,120,58,170,18.478333,6.3791666,115,205,21,69,103,157,50,3449,226,157,77,2.3527613,1.9654697,6,1.3,0.017,60,43,6
15999,-42.5705,146.77098,92.432915,12028,75.628654,0.6354426,43.5725,43.5725,584,157,34,106,17,120,58,170,18.478333,6.3791666,115,205,21,69,103,157,50,3449,226,157,77,2.3527613,1.9654697,6,1.3,0.0164,61,34,4
16001,-41.77754,147.31891,102.723335,12053,74.72382,0.6246847,44.525,44.525,588,169,31,115,17,125,64,178,18.436666,6.2491665,114,213,18,68,110,157,51,3464,231,157,76,1.5152113,1.9107541,2,1.1,0.0169,71,33,4
16003,-41.75804,147.17126,102.09209,12867,74.53355,0.63729364,44.225,44.225,596,174,31,115,18,119,66,183,18.775833,6.48,117,218,19,70,112,162,51,3571,237,162,78,0.11193429,1.8264557,6,1.1,0.0227,60,38,7
16005,-41.75815,147.1716,102.09209,12867,74.53355,0.63729364,44.225,44.225,596,174,31,115,18,119,66,183,18.775833,6.48,117,218,19,70,112,162,51,3571,237,162,78,0.11193429,1.8264557,6,1.1,0.0227,60,38,7
16007,-42.27962,147.46838,95.31333,10506,75.42735,0.5448679,39.5375,39.5375,556,145,34,116,13,116,55,156,16.924166,5.815,104,202,13,59,104,146,51,3380,215,146,118,2.3527613,2.37944,6,1.15,0.0128,60,25,6
16009,-42.27659,147.46603,95.31333,10506,75.42735,0.5448679,39.5375,39.5375,552,143,34,115,13,115,55,156,16.924166,5.815,104,203,13,60,104,147,51,3370,216,147,118,2.3527613,2.37944,6,1.15,0.0128,61,25,3
16011,-42.27943,147.61381,96.347084,11664,76.23442,0.5995857,44.304165,44.304165,634,171,37,134,13,134,62,173,16.759167,6.0125,104,195,15,61,101,144,51,3254,210,144,67,2.2369149,2.603764,10,1.25,0.0119,64,30,4
16013,-42.0154,147.49095,95.35792,11741,74.2139,0.5273161,37.439167,37.439167,524,132,32,112,14,124,54,149,18.5675,6.165,115,209,20,71,109,158,52,3388,229,158,129,2.465048,1.9960729,4,1.5,0.0121,60,28,4
19453,-33.60963,150.73733,128.28792,18008,63.159157,0.53074944,64.644165,64.644165,900,160,40,133,33,310,122,337,25.456667,12.4425,171,255,34,111,128,122,50,4440,289,225,222,1.5152113,0.9074714,3,2.2,0.0384,59,66,11
19455,-33.61008,150.73693,128.28291,18008,63.33026,0.53195816,64.78333,64.78333,900,160,40,133,33,310,122,337,25.428333,12.4366665,171,255,34,111,128,122,50,4440,289,225,222,1.5152113,0.90659565,3,1,0.0384,59,66,11
19457,-33.6123,150.73895,128.28291,18008,63.33026,0.53195816,64.78333,64.78333,900,160,40,133,33,310,122,337,25.428333,12.4366665,171,255,34,111,128,122,50,4440,289,225,222,1.5152113,0.90659565,3,1,0.0384,59,66,11
19459,-33.61292,150.73795,128.28291,18008,63.33026,0.53195816,64.78333,64.78333,900,160,40,133,33,310,122,337,25.428333,12.4366665,171,255,34,111,128,122,50,4440,289,225,222,1.5152113,0.90659565,3,1,0.0376,59,57,11
19461,-33.6126,150.73769,128.28291,18008,63.33026,0.53195816,64.78333,64.78333,900,160,40,133,33,310,122,337,25.428333,12.4366665,171,255,34,111,128,122,50,4440,289,225,222,1.5152113,0.90659565,3,1,0.0384,59,66,11
19463,-33.61565,150.73618,128.28291,18833,63.159157,0.53195816,64.78333,64.78333,899,159,40,133,34,310,122,337,25.428333,12.4366665,172,256,33,110,128,121,50,4490,289,225,223,1.5152113,1.0327107,3,1,0.0384,65,66,0
19465,-33.61623,150.736,128.28291,18833,63.159157,0.53195816,64.78333,64.78333,899,159,40,133,34,310,122,337,25.428333,12.4366665,172,256,33,110,128,121,50,4490,289,225,223,1.5152113,1.0327107,3,1,0.0384,65,66,0
19467,-33.61745,150.73612,128.28291,18833,63.159157,0.53195816,64.78333,64.78333,900,160,40,133,33,310,122,337,25.428333,12.4366665,171,255,34,111,128,122,50,4440,289,225,222,1.5152113,1.0327107,3,1,0.0384,65,66,0
19469,-33.62103,150.73385,128.4325,18833,63.33026,0.5302266,64.6425,64.6425,900,160,40,133,33,310,122,337,25.43,12.45,171,255,34,111,128,122,50,4440,289,225,222,1.5152113,1.0401268,3,1,0.0384,56,66,7
19471,-33.62067,150.73375,128.4325,18833,63.33026,0.5302266,64.6425,64.6425,900,160,40,133,33,310,122,337,25.43,12.45,171,255,34,111,128,122,50,4440,289,225,222,1.5152113,1.0401268,3,1,0.0384,56,66,7
19473,-33.62075,150.73423,128.4325,18833,63.33026,0.5302266,64.6425,64.6425,900,160,40,133,33,310,122,337,25.43,12.45,171,255,34,111,128,122,50,4440,289,225,222,1.5152113,1.0401268,3,1,0.0384,56,66,7
19475,-33.6213,150.7354,128.4325,18833,63.33026,0.5302266,64.6425,64.6425,900,160,40,133,33,310,122,337,25.43,12.45,171,255,34,111,128,122,50,4440,289,225,222,1.5152113,1.0401268,3,1,0.0384,56,66,7
19477,-33.62083,150.73577,128.4325,18833,63.33026,0.5302266,64.6425,64.6425,900,160,40,133,33,310,122,337,25.43,12.45,171,255,34,111,128,122,50,4440,289,225,222,1.5152113,1.0401268,3,1,0.0384,56,66,7
19479,-33.61517,150.72268,128.71292,18833,63.1345,0.5278663,64.581665,64.581665,902,155,39,132,34,313,123,341,25.455833,12.425834,171,257,32,110,128,121,49,4507,289,225,222,1.5152113,1.0232662,3,2.2,0.0392,61,60,9
19481,-33.61583,150.72482,128.71292,18833,63.1345,0.5278663,64.581665,64.581665,902,155,39,132,34,313,123,341,25.455833,12.425834,171,257,32,110,128,121,49,4507,289,225,222,1.5152113,1.0232662,3,2.2,0.0368,61,64,9
19483,-33.61353,150.72493,128.71292,18833,63.1345,0.5278663,64.581665,64.581665,902,155,39,132,34,313,123,341,25.455833,12.425834,171,257,32,110,128,121,49,4507,289,225,222,1.5152113,1.0232662,3,2.2,0.0368,61,64,9
19485,-33.61285,150.72975,128.71292,18833,63.1345,0.5278663,64.581665,64.581665,898,158,40,133,34,310,122,337,25.455833,12.425834,172,255,34,111,128,122,50,4482,289,226,223,1.5152113,1.0232662,3,2.2,0.0391,61,70,9
19487,-33.60465,150.7304,128.28792,18833,63.00603,0.53074944,64.644165,64.644165,895,155,39,131,34,310,122,337,25.456667,12.4425,172,257,33,111,128,121,49,4512,290,226,223,1.5152113,1.0574888,3,2.2,0.0391,71,70,9
19489,-33.60518,150.7298,128.78166,18833,62.974342,0.5253565,64.31084,64.31084,895,155,39,131,34,310,122,337,25.494999,12.4425,172,257,33,111,128,121,49,4512,290,226,223,1.5152113,1.0507579,3,2.2,0.0391,71,70,9
19491,-33.60617,150.73035,128.28792,18833,63.00603,0.53074944,64.644165,64.644165,895,155,39,131,34,310,122,337,25.456667,12.4425,172,257,33,111,128,121,49,4512,290,226,223,1.5152113,1.0574888,3,2.2,0.0391,71,70,9
19493,-33.60942,150.73138,128.28792,18833,63.00603,0.53074944,64.644165,64.644165,898,158,40,133,34,310,122,337,25.456667,12.4425,172,255,34,111,128,122,50,4482,289,226,223,1.5152113,1.0574888,3,2.2,0.0391,71,70,9
19495,-33.60955,150.7324,128.28792,18833,63.00603,0.53074944,64.644165,64.644165,898,158,40,133,34,310,122,337,25.456667,12.4425,172,255,34,111,128,122,50,4482,289,226,223,1.5152113,1.0574888,3,2.2,0.0391,56,70,7
19497,-33.60897,150.7254,128.78166,18833,62.974342,0.5253565,64.31084,64.31084,898,158,40,133,34,310,122,337,25.494999,12.4425,172,255,34,111,128,122,50,4482,289,226,223,1.5152113,1.0507579,3,2.2,0.0391,71,70,9
19499,-33.6113,150.7284,128.71292,18833,63.1345,0.5278663,64.581665,64.581665,898,158,40,133,34,310,122,337,25.455833,12.425834,172,255,34,111,128,122,50,4482,289,226,223,1.5152113,1.0232662,3,2.2,0.0391,61,70,9
19501,-33.61158,150.72577,128.71292,18833,63.1345,0.5278663,64.581665,64.581665,898,158,40,133,34,310,122,337,25.455833,12.425834,172,255,34,111,128,122,50,4482,289,226,223,1.5152113,1.0232662,3,2.2,0.0391,61,70,9
19503,-33.60885,150.72258,128.78166,18833,62.974342,0.5253565,64.31084,64.31084,902,155,39,132,34,313,123,341,25.494999,12.4425,171,257,32,110,128,121,49,4507,289,225,222,1.5152113,1.0507579,3,2.2,0.0419,71,75,9
19505,-33.6145,150.72878,128.71292,18833,63.1345,0.5278663,64.581665,64.581665,898,158,40,133,34,310,122,337,25.455833,12.425834,172,255,34,111,128,122,50,4482,289,226,223,1.5152113,1.0232662,3,2.2,0.0368,61,64,9
19507,-33.61007,150.71983,129.26375,18833,63.17146,0.52199864,64.21667,64.21667,902,155,39,132,34,313,123,341,25.5,12.4275,171,257,32,110,128,121,49,4507,289,225,222,1.5152113,1.0466067,3,2.2,0.0419,59,75,9
19511,-33.61255,150.72095,128.71292,18833,63.1345,0.5278663,64.581665,64.581665,902,155,39,132,34,313,123,341,25.455833,12.425834,171,257,32,110,128,121,49,4507,289,225,222,1.5152113,1.0232662,3,2.2,0.0419,64,75,17
19513,-33.61103,150.72,129.26375,18833,63.17146,0.52199864,64.21667,64.21667,902,155,39,132,34,313,123,341,25.5,12.4275,171,257,32,110,128,121,49,4507,289,225,222,1.5152113,1.0466067,3,2.2,0.0419,64,75,17
19515,-33.61572,150.72173,128.71292,18833,63.1345,0.5278663,64.581665,64.581665,902,155,39,132,34,313,123,341,25.455833,12.425834,171,257,32,110,128,121,49,4507,289,225,222,1.5152113,1.0232662,3,2.2,0.0392,64,60,17
19517,-33.61737,150.73283,128.28291,18833,63.159157,0.53195816,64.78333,64.78333,899,159,40,133,34,310,122,337,25.428333,12.4366665,172,255,34,111,128,122,50,4472,289,226,223,1.5152113,1.0327107,3,1,0.0368,65,64,0
